id,domain,status,purchase_price,renewal_price,attractiveness,demand,length,registrar,created_at,expires_at,status_verified_at
b50ac027-debf-40d8-887b-5502040c4a34,azonal.eu,available,4.99,11.99,medium,low,6,name.com,,,
cb17eb8b-ac32-405b-a41f-73ca74ffa076,abkhazian.eu,available,5.49,9.99,high,low,9,namesilo,,,
6a327e90-aa1e-48fb-baa5-6d9aa74b96a2,campaigner.eu,resell,,,high,low,10,Name: Realtime Register B.V. Website: https://www.realtimeregister.com,,,
abf9c085-0d95-4f54-9919-731dde4a0ab1,sleeping.eu,resell,,,high,low,8,Name: eu-selene.at web invest gmbh & co KG Website: http://www.eu-selene.at,,,
58f6d4ac-2811-448b-864e-21c93b290890,verbs.eu,resell,,,medium,low,5,Name: Realtime Register B.V. Website: https://www.realtimeregister.com,,,
2d81fd17-3eb2-4e58-b77a-007774340ebf,airy.eu,resell,,,high,low,4,Name: Realtime Register B.V. Website: https://www.realtimeregister.com,,,
c0e285e3-d1b0-46b7-9092-826ee40d3e25,annelid.eu,available,5.49,9.99,medium,low,7,namesilo,,,
557cd5ec-2b7d-4cd9-94e5-1e81294dc364,thirty.eu,resell,,,high,low,6,Name: EuroDNS S.A. Website: https://www.eurodns.com/,,,
1ca82c3b-3f28-42f0-956c-cc45ffd91706,hedge.eu,resell,,,high,low,5,Name: EuroDNS S.A. Website: https://www.eurodns.com/,,,
2d0dc220-b75b-465e-a2dd-c101b21330de,oyster.eu,resell,,,high,low,6,Name: RegistrarHub Website: https://www.registrarhub.net/,,,
b5a47586-6138-48be-85c9-2e08ff8c2449,adonic.eu,available,5.49,9.99,medium,low,6,namesilo,,,
aeab46da-4a88-469a-a5ad-e37ee7796fa4,cautionary.eu,available,5.49,9.99,medium,low,10,namesilo,,,
089598e0-4cad-40df-a0b4-d77382c235dc,execrable.eu,available,5.49,9.99,low,low,9,namesilo,,,
95a0212b-c6ff-44ee-9707-ad44ec30d1b2,understand.eu,resell,,,high,low,10,Name: eu-nymphen.at web invest gmbh & co KG Website: http://www.eu-nymphen.at,,,
db72fcc2-1ac7-4c2a-9189-0eb4379cff9f,parched.eu,available,5.49,9.99,medium,low,7,namesilo,,,
7a04435e-2e35-4edb-acd1-7dc430a76da0,rip.eu,premium,8157.65,,high,low,3,name.com,,,
94964ed6-ae1c-46a6-b1c3-b9aa1163dd4e,autotelic.eu,premium,2664.55,11.99,high,low,9,Name: Realtime Register B.V. Website: https://www.realtimeregister.com,,,
bd6b1ea5-483a-4015-bbc8-56c291e9a92e,rested.eu,premium,3367.2,11.99,high,low,6,Name: Realtime Register B.V. Website: https://www.realtimeregister.com,,,
85624b9b-3d70-4b28-8a63-930c3c519771,arrayed.eu,available,5.49,9.99,medium,low,7,namesilo,,,06/08/2026 21:37
6b475c83-99be-4af9-9684-4070e8fa4acf,stand.eu,resell,,,high,low,5,"Name: GoDaddy.com, LLC Website: http://www.godaddy.com",,,17/09/2026 22:07
b8cf1e1e-f6ff-4e96-b73f-82f68a8bd5f0,agleam.eu,available,5.49,9.99,medium,low,6,namesilo,,,
34a22a81-387a-4317-87e2-94fe5788ddcb,plentiful.eu,premium,4841.05,,high,low,9,Name: Realtime Register B.V. Website: https://www.realtimeregister.com,,,
182e8931-e843-47f5-bb85-edc309ff7e10,aspherical.eu,available,5.49,9.99,medium,low,10,namesilo,,,07/08/2026 04:57
68ce23ed-9172-49af-a218-dc604af5bba7,appreciative.eu,available,6.19,5.99,high,low,12,namesilo,,,
7491b923-9336-4f86-8722-6479c1a0d104,demonstration.eu,resell,,,high,low,13,Name: Realtime Register B.V. Website: https://www.realtimeregister.com,,,
870f8dbf-5a4e-4932-b2c0-51d73d6bbbe3,trading.eu,resell,,,high,low,7,Name: Vautron Rechenzentrum AG Website: www.vautron.de,,,
4637f7b8-7f73-4368-9e5f-38508b8cd5f9,glasses.eu,resell,,,high,low,7,Name: EuroDNS S.A. Website: https://www.eurodns.com/,,,
b61516d4-43a5-46a5-b45e-861ee6323569,beatable.eu,available,5.49,9.99,medium,low,8,namesilo,,,09/08/2026 05:37
482909a3-6e46-4760-b26c-c30872f4c117,nebraska.eu,resell,,,high,low,8,Name: eu-aphrodite.at web invest gmbh & co KG Website: http://www.eu-aphrodite.at,,,
82983bac-7e5f-46e3-ab27-1094d5cf1992,flickering.eu,available,5.49,9.99,high,low,10,namesilo,,,
ac3f54eb-0467-48bf-b2c8-d2d72f12d631,abortive.eu,available,5.49,9.99,medium,low,8,namesilo,,,
9e32ed75-c3c7-445e-be7b-042a9111c391,riled.eu,available,5.49,9.99,medium,low,5,namesilo,,,
b5522c58-1814-4766-8c5a-3a53f6e3a287,acetonic.eu,available,5.49,9.99,medium,low,8,namesilo,,,
034b6309-15ff-40b5-a501-06736b66270d,violated.eu,available,4.99,11.99,medium,low,8,name.com,,,
4880418a-e5c3-4c00-8db1-171f2bc82637,assessable.eu,available,5.49,9.99,medium,low,10,namesilo,,,07/08/2026 06:04
315f0de4-9284-45a3-bdb8-aa59db0df628,scummy.eu,available,5.49,9.99,medium,low,6,namesilo,,,
a0baaa07-8784-423a-8f0a-7b6fc623034c,beguiled.eu,available,5.49,9.99,medium,low,8,namesilo,,,09/08/2026 09:46
6f6cd380-cb6e-4a34-b879-b7538213e1eb,unbeatable.eu,resell,,,high,low,10,Name: Realtime Register B.V. Website: https://www.realtimeregister.com,,,
70064202-7c44-4138-b9ad-a4e0d7744af7,tillable.eu,available,5.49,9.99,medium,low,8,namesilo,,,06/08/2026 11:25
481388e8-e01a-40c9-9903-b16ab0a389f2,reported.eu,resell,,,high,low,8,Name: eu-chariten.at web invest gmbh & co KG Website: http://www.eu-chariten.at,,,
c786ef88-ef64-490a-8899-f79936f9ddcc,filming.eu,resell,,,high,low,7,Name: Realtime Register B.V. Website: https://www.realtimeregister.com,,,
8c5a8eb5-e63a-4d7b-93fe-91799e08b9c2,xxxvii.eu,available,5.49,9.99,medium,low,6,namesilo,,,
a52135e9-9a05-40cf-89ba-bb06666abea7,concluded.eu,resell,4.99,11.99,high,low,9,"Name: GoDaddy.com, LLC Website: http://www.godaddy.com",,,
66e6f255-0372-4c04-b765-2280775f2cc7,penetration.eu,resell,,,medium,low,11,Name: Registrar.eu Website: https://www.openprovider.com,,,08/09/2026 15:09
6acb9910-093e-441e-aa17-5fdc5199665e,condemn.eu,available,6.19,5.99,medium,low,7,namesilo,,,
a924af10-18eb-4a16-8234-13d772c29281,paternal.eu,available,5.49,9.99,high,low,8,namesilo,,,
03a3944d-a567-44a8-83d2-61b864ed4fc4,amount.eu,resell,,,high,low,6,Name: SIA AmberBit Website: www.amberbit.eu,,,
240d8996-caf9-40ef-822d-9b7aed100940,inconsistent.eu,available,6.19,5.99,medium,low,12,namesilo,,,
8a98331c-b016-4373-9fa4-978fcee96fa2,vacuous.eu,available,5.49,9.99,low,low,7,namesilo,,,07/08/2026 02:52
487289a1-4d0f-4d7f-86ad-fc7320f90e38,allotropic.eu,available,5.49,9.99,medium,low,10,namesilo,,,
1427498a-9af1-4857-9c0b-e44aa5702a7a,confetti.eu,resell,,,high,low,8,"Name: GoDaddy.com, LLC Website: http://www.godaddy.com",,,
32ddf7ff-cfd4-49dc-8a92-a3757b20e9fe,moderately.eu,available,4.99,11.99,medium,low,10,name.com,,,
36520f10-005c-467f-b675-8c3d8d10ad54,ammoniac.eu,available,5.49,9.99,medium,low,8,namesilo,,,
d60c062e-5bfe-48f6-8f38-73af94c873ea,patriotism.eu,premium,4077.05,,high,low,10,Name: INFOCAL sp. z o.o. Website: https://www.cal.pl,,,
bbefd019-100c-4807-8cdb-72dad123d253,auld.eu,premium,3331.55,11.99,medium,low,4,Name: INFOCAL sp. z o.o. Website: https://www.cal.pl,,,
e99ee666-80fb-439e-8529-21e8fd666f19,pretense.eu,available,4.99,11.99,high,low,8,name.com,,,
a3bfa741-10a4-4fa7-9671-7fedef908db3,acquitted.eu,available,5.49,9.99,medium,low,9,namesilo,,,
36fad00c-29f8-48fc-974f-f9b47247fdb6,assignable.eu,available,5.49,9.99,medium,low,10,namesilo,,,07/08/2026 06:19
32168a32-ba56-4e8c-b4bb-ac51fee84f5d,rushed.eu,premium,2693.3,11.99,high,low,6,Name: Realtime Register B.V. Website: https://www.realtimeregister.com,,,
cbcdca92-f01d-4d7c-be6a-7450aea66668,superbly.eu,premium,3348.8,3348.8,high,low,8,Name: Realtime Register B.V. Website: https://www.realtimeregister.com,,,
48ba62fe-37cb-400e-a8b9-c1033aba6a79,totaled.eu,available,4.99,11.99,high,low,7,name.com,,,
afc0bec4-83f1-442a-8a83-904e810ff1ec,androgenic.eu,available,5.49,9.99,medium,low,10,namesilo,,,
8f7f26d1-478e-48ca-a6d3-ffd94691853f,amoeboid.eu,available,5.49,9.99,medium,low,8,namesilo,,,
f262ef14-9873-4b59-9acf-e823efd620e6,lxxiv.eu,available,6.98,10.98,medium,low,5,namecheap,,,
87bf45da-6ee3-447e-8617-0c4a84f63dc0,algid.eu,available,5.49,9.99,medium,low,5,namesilo,,,
73bc6135-5e93-4725-9042-130f1d51f7e9,requested.eu,premium,4039.95,11.99,high,low,9,Name: Realtime Register B.V. Website: https://www.realtimeregister.com,,,
33362c0c-8751-4088-8074-b49cb9c97e7c,actinic.eu,available,5.49,9.99,medium,low,7,namesilo,,,
a4a24669-8a57-461d-9138-a7d1e6429661,spurious.eu,available,5.49,9.99,medium,low,8,namesilo,,,09/08/2026 00:03
c5195c1b-0eec-4732-a212-4bb7c35d561c,condolence.eu,resell,,,high,low,10,Name: Realtime Register B.V. Website: https://www.realtimeregister.com,,,
4f966839-f8b7-4c15-b972-352a048ad934,fashion.eu,resell,,,high,medium,7,Name: D-Cube Resource Website: www.dcube-resource.be,,,
a36624d6-b750-4d79-81af-a5a00b039ee7,bothersome.eu,available,5.49,9.99,medium,low,10,namesilo,,,
6144617b-a41d-47ad-933e-64236238f760,shoeless.eu,available,6.98,10.98,medium,low,8,namecheap,,,08/08/2026 19:04
6573bcdd-5138-45fd-bc84-ebaff955181d,estado.eu,resell,,,high,low,6,"Name: Name.net, Inc. Website: http://www.name.net",,,
bc4a785b-60da-41d6-8127-751908167983,agnostical.eu,available,6.98,10.98,medium,low,10,namecheap,,,
2c898755-4270-494f-823d-4a3a1063c6a6,panes.eu,resell,,,medium,low,5,Name: Realtime Register B.V. Website: https://www.realtimeregister.com,,,
a24d34ad-4c82-4058-9140-321d91f3143b,aerobiotic.eu,available,5.49,9.99,medium,low,10,namesilo,,,
a0f07fb4-742e-4fab-9856-687253566a27,askant.eu,available,5.49,9.99,medium,low,6,namesilo,,,07/08/2026 03:05
97ad6646-0a4d-4eac-8e24-4beeb3b2ed0f,acetic.eu,available,5.49,9.99,medium,low,6,namesilo,,,
1c732427-3ee3-47d2-bac0-fda5e0868156,atavistic.eu,available,5.49,9.99,low,low,9,namesilo,,,07/08/2026 12:55
b4f1f52c-c090-4394-8b7a-e268cc59a9a0,codes.eu,available,,,high,low,5,,,,
a0465e0e-77a5-480f-bd15-d102f7afe76c,alkalic.eu,available,5.49,9.99,medium,low,7,namesilo,,,
c197a29c-6b89-4b4e-963b-0639955700e6,poisoning.eu,available,6.19,5.99,medium,low,9,namesilo,,,
36b3b8e9-c8bc-40ef-8cde-5e418d3af070,salad.eu,resell,,,high,low,5,Name: Greenmark IT GmbH Website: https://www.do.de,,,
7f24129e-1a82-44d5-b708-72ccc7f0d2e4,asinine.eu,available,5.49,9.99,low,low,7,namesilo,,,07/08/2026 02:35
8b630311-b287-4dfb-a0ea-494381030822,environmentally.eu,available,6.19,5.99,medium,low,15,namesilo,,,
d023acb1-93cd-4f0d-9173-b25ef51da855,alluvial.eu,premium,3993.95,11.99,high,low,8,Name: Domainers Registrar AG Website: https://www.domainers.de,,,
acd0b942-4466-473b-87e9-5f08a461736b,solicit.eu,premium,1382.31,,high,low,7,Name: Realtime Register B.V. Website: https://www.realtimeregister.com,,,
1feda428-5a8a-4508-9fee-9e87db2b7585,irritated.eu,available,5.49,9.99,medium,low,9,namesilo,,,
6cfb75c4-a77a-405b-9a8a-b07bc751b672,rigorous.eu,premium,2693.3,11.99,high,low,8,Name: Realtime Register B.V. Website: https://www.realtimeregister.com,,,
b84488ca-f471-433a-92c8-6603c7ac99b6,lend.eu,resell,,,high,low,4,Name: webagentur.at internet services gmbh Website: https://webagentur.at/,,,
ad8111ee-45ba-46da-acd2-0e2295433480,lacking.eu,premium,2766.99,,high,low,7,Name: Realtime Register B.V. Website: https://www.realtimeregister.com,,,
21695138-7db5-4401-ae1b-553e1b9ffb38,amatory.eu,available,4.99,11.99,medium,low,7,name.com,,,
3a550fb6-4438-4c08-92ae-d04cb727649b,ability.eu,resell,,,high,low,7,Name: TLD Registrar Solutions Ltd,,,
d4c5befe-cbda-4c8c-a554-671d7b74fbc9,animist.eu,resell,,,medium,low,7,Name: Realtime Register B.V. Website: https://www.realtimeregister.com,,,
2db8b740-47a1-4189-98d9-785d71e91816,hurt.eu,resell,,,medium,low,4,Name: TLD Registrar Solutions Ltd,,,
64750b50-ee22-4984-bfc7-b2179bedeefa,motor.eu,premium,208075.19,,high,low,5,name.com,,,
6715bdb3-40ec-45d8-80a8-e924d267a122,baffled.eu,available,5.49,9.99,medium,low,7,namesilo,,,07/08/2026 11:36
d1f640c4-a1d5-44fb-9ef0-75b95524ffce,outdated.eu,premium,2729.09,,medium,low,8,Name: DomainProfi GmbH Website: https://www.domainprofi.com/,,,
6edb5157-4dd3-48fd-b462-cece0debb50d,whichever.eu,available,6.19,5.99,medium,low,9,namesilo,,,
53590109-19a3-4233-8373-07e7d78c3392,standardize.eu,resell,,,high,low,11,"Name: Dynadot, LLC Website: https://www.dynadot.com/domain/eu.html",,,
af18e831-d5ed-4011-9ce8-77f824610bb1,currently.eu,resell,,,high,low,9,Name: Porkbun LLC Website: https://porkbun.com/,,,
4dd55a4b-3a39-40ee-a51a-7dff2673f45a,analyzable.eu,available,5.49,9.99,medium,low,10,namesilo,,,
7cb837f2-5a7a-44c1-a574-e7289534accc,xcii.eu,available,6.98,10.98,medium,low,4,namecheap,,,
24b8fc5b-6e0a-4998-8235-eca28346db31,coldly.eu,available,4.99,11.99,medium,low,6,name.com,,,
4d854b98-3537-4c3a-aa61-018bc65dd7c4,importantly.eu,available,6.19,5.99,medium,low,11,namesilo,,,
0be2ca43-308f-4a74-8ac4-61edd82c0b21,amusive.eu,available,6.98,10.98,medium,low,7,namecheap,,,
d23dcb55-55a0-4dfc-8499-8321a8a860a3,appellant.eu,available,5.49,9.99,medium,low,9,namesilo,,,06/08/2026 06:23
9b9c182d-56e0-46f8-b5bd-2337a0a6df3a,lyrics.eu,resell,,,high,low,6,Name: Registrar.eu Website: https://www.openprovider.com,,,
fda0e9ca-e836-4757-9ff7-161f260fdcf8,anomic.eu,available,5.49,9.99,low,low,6,namesilo,,,
50ae9176-93bf-4234-83f7-51b6ff80bfa3,amnic.eu,available,5.49,9.99,low,low,5,namesilo,,,
bc92d138-9814-4156-b3a1-db4df107b3e6,addled.eu,available,5.49,9.99,medium,low,6,namesilo,,,
4dd02067-baac-403c-8902-429bf38bf100,bahamian.eu,available,5.49,9.99,high,low,8,namesilo,,,08/08/2026 08:31
54126137-4707-4b3e-89c2-b3a974486bff,affinal.eu,available,5.49,9.99,medium,low,7,namesilo,,,
d78688c5-0655-4df7-9825-6881a0b0ec73,acinous.eu,available,5.49,9.99,medium,low,7,namesilo,,,
8374ff47-10f6-4a2c-9cb8-ce352ebb577a,phoney.eu,resell,,,medium,low,6,Name: Realtime Register B.V. Website: https://www.realtimeregister.com,,,
0930f698-129b-4556-b46f-c29fe5b00f5e,supposedly.eu,available,4.99,11.99,medium,low,10,name.com,,,
7cd473c0-9966-4c72-8103-58c5f0d37726,enwrapped.eu,available,5.49,9.99,medium,low,9,namesilo,,,
37da4a6b-3f0b-4680-a84f-2877eee3dd62,passionately.eu,available,6.19,5.99,high,low,12,namesilo,,,
7f74b4aa-c31a-4834-84ac-55be1872a725,whopping.eu,available,5.49,9.99,high,low,8,namesilo,,,08/08/2026 13:14
a175a3bc-4906-4bed-902f-968626bb2c2c,shortfall.eu,available,6.19,5.99,high,low,9,namesilo,,,
4145dce7-a32a-4b01-a7ea-cc887b06e4cc,city.eu,resell,,,high,medium,4,"Name: Spaceship, Inc. Website: https://www.spaceship.com/",,,
f0f3d7d2-ca42-426c-a99b-ffd7fac142d6,debase.eu,premium,4034.2,11.99,medium,low,6,Name: Realtime Register B.V. Website: https://www.realtimeregister.com,,,
f8c08a39-4e44-4c90-ae3b-4964abe98a66,million.eu,resell,,,high,low,7,Name: eu-athene.at web invest gmbh & co KG Website: http://www.eu-athene.at,,,
0048bfc1-f3f2-4ac2-9151-1246d47ea1a4,allegoric.eu,available,5.49,9.99,medium,low,9,namesilo,,,
282e743f-24e9-41b7-b025-3fd4e2da7b8b,andalusian.eu,resell,,,high,low,10,Name: Domainers Registrar AG Website: https://www.domainers.de,,,
3b8465e6-d544-4c63-a5bf-b8edeee4184d,acerose.eu,available,5.49,9.99,medium,low,7,namesilo,,,
3b9d85dd-359d-406f-8201-d48062c23a2c,barebacked.eu,available,5.49,9.99,medium,low,10,namesilo,,,08/08/2026 18:44
4f157046-dcbf-4e02-a644-562e5a6553ad,shall.eu,resell,,,high,low,5,Name: EuroDNS S.A. Website: https://www.eurodns.com/,,,
71182114-4f25-4409-9250-fc2b2fe2226d,pricing.eu,resell,,,high,low,7,Name: web invest gmbh Website: http://www.web-invest.at,,,
18905911-e349-44e1-84a9-3d27ddac7a5d,nearer.eu,available,4.99,11.99,medium,low,6,name.com,,,
6fae09a6-b0a3-4a9d-b230-adc3a9c6b492,secluded.eu,premium,1358.62,,high,low,8,Name: Realtime Register B.V. Website: https://www.realtimeregister.com,,,
d2842bf9-49eb-48e0-955a-1816525c6fe5,afflicted.eu,available,5.49,9.99,high,low,9,namesilo,,,
e51241d0-9232-4f75-a2ae-1025e621ddea,vitamin.eu,resell,,,high,low,7,Name: EuroDNS S.A. Website: https://www.eurodns.com/,,,08/09/2026 14:16
cd990e04-fa64-4cd2-9ef2-94e9a8c9871c,ariose.eu,available,5.49,9.99,medium,low,6,namesilo,,,06/08/2026 19:19
500322bc-94c7-4036-bec4-01e5056fced3,critically.eu,available,4.99,11.99,medium,low,10,name.com,,,
5c27dc88-9213-480b-a2c2-acc8a36ee668,revered.eu,premium,2693.3,11.99,high,low,7,Name: Realtime Register B.V. Website: https://www.realtimeregister.com,,,
85907182-7f20-4612-b6a3-d53929d3669f,wheezing.eu,available,5.49,9.99,medium,low,8,namesilo,,,07/08/2026 09:25
3f1d9cc5-643f-4c7a-a3bb-1707ebfcb298,clxxv.eu,available,5.49,9.99,medium,low,5,namesilo,,,
eef26223-b172-4cf0-823b-4c53618812ab,bathyal.eu,available,5.49,9.99,low,low,7,namesilo,,,09/08/2026 01:34
8f265ecb-23b2-4ab2-8d28-5e705d0b9a26,alimental.eu,available,4.99,11.99,medium,low,9,name.com,,,
2a719a32-11b8-4e90-8c4d-deaaf4075c7f,liv.eu,resell,,,high,low,3,Name: Telenet NV (Hosting & Cloud) Website: https://www2.telenet.be/nl/business/producten-diensten/hosting-cloud/overzicht/,,,
3cc94b39-8b89-4ba7-8c92-c411a821fe71,relapse.eu,premium,4039.95,11.99,high,low,7,name.com,,,
83e9a506-fe10-4743-9601-2cd38ccfd390,allogeneic.eu,available,5.49,9.99,medium,low,10,namesilo,,,
698f34c9-64f3-472d-acb5-a177ed02af64,balding.eu,resell,,,medium,low,7,Name: Realtime Register B.V. Website: https://www.realtimeregister.com,,,
efa0809e-30f8-482c-a1c7-8c4b99f66f1e,whacky.eu,premium,2036.16,11.99,medium,low,6,"Name: Spaceship, Inc. Website: https://www.spaceship.com/",,,06/08/2026 21:32
8ec75763-d536-44e1-8a6e-052e4110c298,asia.eu,resell,,,high,low,4,"Name: GoDaddy.com, LLC Website: http://www.godaddy.com",,,
54374c54-7a0c-42ca-a034-b2704c4223cd,disorganized.eu,resell,,,medium,low,12,Name: Realtime Register B.V. Website: https://www.realtimeregister.com,,,
7237edfe-3daa-49b9-8322-161bd19055c2,intense.eu,resell,,,high,low,7,Name: TLD Registrar Solutions Ltd,,,
87656a4f-1d3a-4277-bfa3-0bc204ed160c,lxxxvi.eu,available,6.98,10.98,medium,low,6,namecheap,,,
6c4a7931-8a57-427a-9e81-5e0448c18f7a,backstairs.eu,available,5.49,9.99,medium,low,10,namesilo,,,08/08/2026 06:26
122166e6-608f-418f-b27c-70599fa684ed,asunder.eu,available,5.49,9.99,medium,low,7,namesilo,,,07/08/2026 10:20
351ec13b-3119-4a64-8e36-b4a1735d707a,aweigh.eu,available,5.49,9.99,low,low,6,namesilo,,,07/08/2026 14:29
fd306449-83b6-418f-b7f3-3af392a5f990,anguine.eu,available,5.49,9.99,low,low,7,namesilo,,,
9e4056f6-abc7-4443-a9b7-49856eb6caed,xoxoxo.eu,resell,,,high,low,6,Name: InterNetX GmbH Website: https://internetx.com,,,
d10f1ba8-34fc-4dbf-bb6f-892fccb31ad2,accordant.eu,available,4.99,11.99,medium,low,9,name.com,,,
069c772b-764a-4270-8928-ae72b929b840,voluntarily.eu,available,6.19,5.99,high,low,11,namesilo,,,
f0e98310-3390-4c95-b87b-8aab8bf43e8c,annular.eu,available,5.49,9.99,medium,low,7,namesilo,,,
9e613b38-6035-4084-9897-182c8d5a8cfb,injure.eu,available,5.49,9.99,high,low,6,namesilo,,,
c35fbccc-60f1-44ac-b9ec-db55bc14ffca,respected.eu,premium,4158.78,,high,low,9,name.com,,,
994178b2-0430-4d56-8bf6-36fa712ee06c,stations.eu,resell,,,high,low,8,Name: RegistrarHub Website: https://www.registrarhub.net/,,,
ac9ae4c3-54e4-49fc-8688-8dae84df5093,hanukah.eu,available,6.19,5.99,high,low,7,namesilo,,,
00851b3f-e2bd-4678-882e-555d1ad5bf8f,assorted.eu,premium,3331.55,11.99,high,low,8,Name: Realtime Register B.V. Website: https://www.realtimeregister.com,,,
f68abc1c-e38d-4f03-bea4-d3cb8629a6a7,punter.eu,available,,,medium,low,6,,,,
90356139-369c-4dac-ac6e-29a8aa01d8a3,barreled.eu,available,5.49,9.99,medium,low,8,namesilo,,,08/08/2026 20:46
e9612f0f-623d-48e3-a105-101e8bb67240,amerind.eu,available,5.49,9.99,high,low,7,namesilo,,,
8f311917-5e93-4c1a-95ab-ab132cad30bb,anaemia.eu,premium,3395.96,,medium,low,7,"Name: Spaceship, Inc. Website: https://www.spaceship.com/",,,
0ff91c6f-af20-49d7-8190-cb2305ee6596,criticism.eu,resell,,,high,low,9,Name: Realtime Register B.V. Website: https://www.realtimeregister.com,,,
71eb96e8-70cc-4eb9-9083-3a11c42be0e7,crystal.eu,resell,,,high,low,7,Name: eu-tisiphone.at web invest gmbh & co KG Website: http://www.eu-tisiphone.at,,,
12155c22-0b3f-4c0a-ba29-c4bd6ce5ede2,agonizing.eu,available,5.49,9.99,medium,low,9,namesilo,,,
2ed5acf5-b66a-48e9-af88-849e5cfda065,befitting.eu,available,5.49,9.99,medium,low,9,namesilo,,,09/08/2026 08:38
4368fc1b-1b37-45fa-ab0d-8d2b20b3eeec,aboveboard.eu,premium,3359.15,10.99,medium,low,10,Name: INFOCAL sp. z o.o. Website: https://www.cal.pl,,,
dd941e89-9ce1-4723-bbe1-f8af4bf23f18,armorial.eu,premium,2036.16,11.99,medium,low,8,"Name: Spaceship, Inc. Website: https://www.spaceship.com/",,,06/08/2026 20:15
5cc534f0-8861-4e3a-861d-4d4b08688480,affined.eu,available,5.49,9.99,medium,low,7,namesilo,,,
ffb3780c-6a62-4eb4-ba4a-1083c922e769,ameboid.eu,available,5.49,9.99,medium,low,7,namesilo,,,
25eba086-4af2-4feb-973e-ce65fc47f4b3,commodity.eu,resell,,,high,low,9,Name: TLD Registrar Solutions Ltd,,,
a6dbbfa3-a144-4741-b327-192a17186e61,necessarily.eu,available,6.19,5.99,medium,low,11,namesilo,,,
407c02b5-477d-4b69-b671-162b0bf71592,turncoat.eu,available,5.49,9.99,medium,low,8,namesilo,,,06/08/2026 03:49
a145a22e-0d49-472e-a99e-0ce6228a9c00,abasic.eu,available,5.49,9.99,medium,low,6,namesilo,,,
61cd80ce-0b7d-491d-b210-bb4f6452083d,albinotic.eu,available,5.49,9.99,medium,low,9,namesilo,,,
ad64c106-653a-471c-9735-518159d4b34b,aciculate.eu,available,5.49,9.99,low,low,9,namesilo,,,
5fcfda0c-a4fd-4e69-90b2-31649738cf1c,anatomic.eu,resell,,,medium,low,8,"Name: Dynadot, LLC Website: https://www.dynadot.com/domain/eu.html",,,
f2d004bf-7696-4e28-a462-9b1f5e80448b,biddable.eu,available,5.49,9.99,medium,low,8,namesilo,,,
a23a9a17-9b7c-4eaa-b806-85656e89b61f,bidens.eu,available,6.19,5.99,medium,low,6,namesilo,,,
a79f38cb-4dfe-4644-95a6-63fd43df8169,ingenuous.eu,available,4.99,11.99,medium,low,9,name.com,,,
0231a74e-0dbb-459a-84de-d2f53772dbac,shaking.eu,resell,,,high,low,7,Name: eu-nemesis.at web invest gmbh & co KG Website: http://www.eu-nemesis.at,,,
82c7e19f-8d4f-4061-b138-f6d5112c7f74,accrued.eu,available,5.49,9.99,medium,low,7,namesilo,,,
15af17b0-73ff-4f8c-b278-56cb6fa3f3fe,affirmable.eu,available,5.49,9.99,medium,low,10,namesilo,,,
8ec9393a-6463-48cf-8a68-875d6cacea99,dives.eu,premium,17412.15,,high,low,5,Name: NETIM Website: https://www.netim.com/,,,
4f95c436-09ae-4214-9a5f-18e5fff64aae,roads.eu,resell,,,high,low,5,Name: Registrar.eu Website: https://www.openprovider.com,,,
b2261209-7dc1-4451-95c5-75da79ca885c,augean.eu,available,4.99,11.99,medium,low,6,name.com,,,
537690fe-988a-4829-8376-a4ce50a0281a,acetabular.eu,available,5.49,9.99,medium,low,10,namesilo,,,
10c5a882-c09c-4c28-b0b7-7a4654f691da,algebraic.eu,premium,2679.5,11.99,high,low,9,Name: INFOCAL sp. z o.o. Website: https://www.cal.pl,,,
030b1eb2-13b7-4b7e-b018-dd9abb4f17dc,agnatic.eu,available,5.49,9.99,medium,low,7,namesilo,,,
e9b41509-70bd-408c-a6ef-63054b9780e2,tragic.eu,resell,,,high,low,6,Name: Realtime Register B.V. Website: https://www.realtimeregister.com,,,
97cce7aa-9d7a-48d2-b92e-03f817b5ef0b,arcuate.eu,available,5.49,9.99,medium,low,7,namesilo,,,06/08/2026 14:49
a5d5282e-d7f6-49aa-90f5-5b648eb97366,amative.eu,available,5.49,9.99,medium,low,7,namesilo,,,
55ee6804-0fc0-4207-ae96-93faffadf5be,testimony.eu,premium,6918.66,,high,low,9,Name: Realtime Register B.V. Website: https://www.realtimeregister.com,,,
4be61c88-fc95-4722-be58-b4efd02784d2,grueling.eu,available,5.49,9.99,medium,low,8,namesilo,,,06/08/2026 16:45
6d0960d3-6d75-4f8d-9fdb-da7ce6d3bc70,styptic.eu,available,4.99,11.99,medium,low,7,name.com,,,
7010d76b-84da-4fff-890a-f9e9b57ba165,money.eu,resell,,,high,medium,5,Name: Aftermarket.pl Limited Website: https://aftermarket.pl,,,
35c6cf50-7161-4343-b9bc-e31b085e1896,pleasing.eu,premium,8156.47,,high,low,8,name.com,,,
9ec05e24-052c-4946-a716-c858ecddcd92,supermodel.eu,resell,,,high,low,10,Name: eu-chariten.at web invest gmbh & co KG Website: http://www.eu-chariten.at,,,
0cb96934-6698-41ed-9464-52fa86b51bda,disregarded.eu,available,6.19,5.99,medium,low,11,namesilo,,,
64b973a2-69e5-4597-a36b-7b01a29bd139,allopathic.eu,available,5.49,9.99,high,low,10,namesilo,,,
5fade341-521f-48a7-99cd-1c618c68d76c,bce.eu,resell,,,high,low,3,Name: ONE.CZ s.r.o. Website: https://www.registrator.cz,,,
13a94d85-8b02-4d6f-98dd-7252507387bb,wondered.eu,available,5.49,9.99,high,low,8,namesilo,,,
7b207da1-014e-4c05-9855-58cadedc831a,maudlin.eu,available,5.49,9.99,medium,low,7,namesilo,,,09/08/2026 00:42
74f4e816-6a3a-43b6-980d-b9c619ca9793,braless.eu,premium,3355.7,11.99,low,low,7,Name: INFOCAL sp. z o.o. Website: https://www.cal.pl,,,
4c80a1a3-eecd-4ad8-9d4f-09f1aba21e55,ahorse.eu,available,6.98,10.98,low,low,6,namecheap,,,
20080e35-e213-4d3b-9b1c-50d8a45be3e1,chart.eu,resell,,,high,low,5,Name: eu-tisiphone.at web invest gmbh & co KG Website: http://www.eu-tisiphone.at,,,
2090e858-59f5-4dc6-acfc-c66c11efc183,antithetic.eu,available,5.49,9.99,medium,low,10,namesilo,,,05/08/2026 19:49
552c05c9-04b1-41aa-95f4-8e2f242ebd8e,prototypic.eu,available,5.49,9.99,medium,low,10,namesilo,,,06/08/2026 15:42
acb127f8-9a95-4ac2-9fdd-525ef6e159c8,aestival.eu,available,5.49,9.99,medium,low,8,namesilo,,,
73be724c-6275-4a49-8ab0-f6dfe9eff217,posterior.eu,available,5.49,9.99,medium,low,9,namesilo,,,09/08/2026 11:12
7b4d7775-5089-48f5-ad22-553addfdc8f1,sloped.eu,available,5.49,9.99,medium,low,6,namesilo,,,07/08/2026 04:26
46103398-b396-4ff1-82c2-9bd314829790,such.eu,resell,,,high,low,4,Name: eu-hebe.at web invest gmbh & co KG Website: http://www.eu-hebe.at,,,
d9ac1bc6-b4fc-484c-995c-e3e14e4343a7,queens.eu,resell,,,high,low,6,Name: Registrar.eu Website: https://www.openprovider.com,,,
f31c3402-6bdc-4182-8bd2-e9197cc02670,anodic.eu,available,5.49,9.99,high,low,6,namesilo,,,
3b6c39d6-2e5b-4216-86cd-55b117351d5d,miserable.eu,premium,3348.8,11.99,high,low,9,Name: INFOCAL sp. z o.o. Website: https://www.cal.pl,,,
74543e5b-ecba-4957-bc8c-874bb2a3abc8,beaten.eu,available,5.49,9.99,medium,low,6,namesilo,,,09/08/2026 05:47
242d240f-cf93-49ec-bc30-a29d1e34cc57,ignite.eu,resell,,,high,low,6,"Name: GoDaddy.com, LLC Website: http://www.godaddy.com",,,
106c20a8-4cdb-4f96-aa77-1a65625d554f,acarpous.eu,available,5.49,9.99,medium,low,8,namesilo,,,
90ac3c41-cf5c-4256-b8f2-e90a6266c886,advertisement.eu,resell,,,high,low,13,Name: 1API GmbH Website: https://www.1api.net,,,
63c6bf99-36da-4eeb-8e94-64ee36e82f6c,qualitative.eu,available,5.49,9.99,high,low,11,namesilo,,,
3ad1b310-1727-48aa-870b-c50ac6119cb4,anticipant.eu,available,5.49,9.99,medium,low,10,namesilo,,,
36f01335-ed98-43b3-8262-411296864045,arbitral.eu,available,5.49,9.99,medium,low,8,namesilo,,,06/08/2026 12:48
aafc15d4-d0fe-4cea-bd4d-f633da92c5ca,facility.eu,resell,,,high,low,8,Name: TLD Registrar Solutions Ltd,,,
929c131c-236e-4501-8d30-6f038a818437,election.eu,resell,,,high,low,8,Name: 1API GmbH Website: https://www.1api.net,,,
a0de02e1-59ad-4d31-9e02-d71b8021a2ba,eighteenth.eu,available,5.49,9.99,high,low,10,namesilo,,,
0ce737a6-90e5-4d45-92f2-a9d404f940e7,adulterate.eu,available,5.49,9.99,medium,low,10,namesilo,,,
89db1022-9f1e-41a1-a293-687c5cee4693,lxxxiii.eu,available,5.49,9.99,medium,low,7,namesilo,,,
8d93b524-756a-440a-8d2b-39e5a9b6e76f,grubby.eu,available,5.49,9.99,medium,low,6,namesilo,,,09/08/2026 09:31
88403234-8eb6-4d44-aac4-4f3b6cdcd04e,worsening.eu,available,4.99,11.99,medium,low,9,name.com,,,
2a9b7078-fdad-40d7-9e8a-17a598a685ff,sharply.eu,resell,,,medium,low,7,"Name: Namecheap, Inc Website: http://www.namecheap.com",,,
20e75ab2-3b54-4e3a-9058-686cf258552c,clxx.eu,available,5.49,9.99,medium,low,4,namesilo,,,
c7e517f2-7d6a-4dcb-ad06-71ba8f4ecf55,abatic.eu,available,5.49,9.99,medium,low,6,namesilo,,,
73277649-febc-46da-81c8-eeb4aa5f85a2,optionally.eu,available,5.49,9.99,medium,low,10,namesilo,,,
a67946ab-30c4-4523-bf88-c0882f4c9d80,apneic.eu,available,5.49,9.99,medium,low,6,namesilo,,,06/08/2026 00:40
114151f9-9158-43f8-9533-6d9e28bd5109,ratter.eu,available,5.49,9.99,low,low,6,namesilo,,,06/08/2026 04:00
7696159d-1adf-4cf3-8908-6d9549afd202,astatic.eu,available,5.49,9.99,medium,low,7,namesilo,,,07/08/2026 08:36
1eda6547-f339-4c9e-9724-321a19dd48ca,wounded.eu,resell,,,high,low,7,Name: INWX GmbH Website: https://www.inwx.com/en/eu-domain,,,
fc5fa1c2-d677-4040-a145-ffc9cfa5255e,assamese.eu,available,5.49,9.99,medium,low,8,namesilo,,,07/08/2026 05:38
e54b5e84-77a0-44cf-a32d-ec47cd79bb77,assurgent.eu,available,5.49,9.99,low,low,9,namesilo,,,07/08/2026 08:26
af1aa347-5294-428a-b959-40a9890c6a38,barbecued.eu,available,5.49,9.99,medium,low,9,namesilo,,,08/08/2026 16:25
49acb78d-5f17-4b97-952d-db223e5eca45,threescore.eu,available,5.49,9.99,medium,low,10,namesilo,,,
abfe4592-e5e3-4b29-b40f-6d27062319da,condone.eu,available,6.19,5.99,high,low,7,namesilo,,,
d25f3264-5bb0-4c56-9d60-8682fd2895b8,accusing.eu,available,5.49,9.99,medium,low,8,namesilo,,,
e902300c-cbfc-470c-9138-f09a3cc5c6a1,trine.eu,resell,,,medium,low,5,Name: The Registrar Company B.V. Website: https://www.theregistrarcompany.com,,,
ff5e03cf-db23-4d59-8e0f-84e3b2ac9877,andean.eu,available,5.49,9.99,high,low,6,namesilo,,,
eb3875ac-1bb4-4802-89b1-02d9b6f4632e,becalmed.eu,available,5.49,9.99,medium,low,8,namesilo,,,09/08/2026 06:03
e12a04f7-922b-4565-bc39-5d352431c323,situated.eu,premium,2010.2,11.99,medium,low,8,name.com,,,
ff9d6723-f894-4c1c-abca-932647fe65a2,xxx.eu,resell,,,high,medium,3,Name: FraWe media GmbH Website: www.xtchosting.com,,,
f1746fa0-ca57-44b4-8a13-bb485df1d0f1,actinide.eu,available,5.49,9.99,medium,low,8,namesilo,,,
933a3108-f314-4a2d-895d-1131b87ae45a,bahraini.eu,available,5.49,9.99,medium,low,8,namesilo,,,08/08/2026 08:36
3c810e72-f6f2-43d8-a60e-1ed7e21bee7b,appalled.eu,available,5.49,9.99,medium,low,8,namesilo,,,
ca2bf248-7c6c-4b52-92ee-a9f59412fe78,graphics.eu,resell,,,high,low,8,"Name: Dynadot, LLC Website: https://www.dynadot.com/domain/eu.html",,,
24633844-09d5-46c1-ad29-8501bd16eeba,packed.eu,resell,,,high,low,6,Name: Realtime Register B.V. Website: https://www.realtimeregister.com,,,
36eed23a-b4a7-49e3-a202-117e584adbb0,approving.eu,available,5.49,9.99,medium,low,9,namesilo,,,06/08/2026 08:49
ccd356e0-0310-4eea-ac48-00f138563d54,wash.eu,resell,,,high,low,4,Name: eu-tyche.at web invest gmbh & co KG Website: http://www.eu-tyche.at,,,
08228c11-7be4-4c72-8ef1-f78069207ee7,terror.eu,resell,,,high,low,6,Name: Consulting Service Sp. z o.o. Website: http://www.consultingservice.pl,,,
1ab9e0c0-c837-4f26-900f-0176ecc106a4,shock.eu,resell,,,high,low,5,Name: EuroDNS S.A. Website: https://www.eurodns.com/,,,
d553fefb-22c5-4cf5-81be-f9c2df3e8216,expression.eu,resell,,,high,low,10,Name: TLD Registrar Solutions Ltd,,,
fa9c55d5-de8b-4ad6-b31e-ffe36ce1fc38,acidotic.eu,available,5.49,9.99,medium,low,8,namesilo,,,
e2f5919a-140a-4077-9347-d406f1ab81c7,arachnoid.eu,available,5.49,9.99,medium,low,9,namesilo,,,06/08/2026 11:41
41e9aea0-952f-42e7-909a-b400b7ec9dd0,follower.eu,resell,,,high,low,8,"Name: Spaceship, Inc. Website: https://www.spaceship.com/",,,
636e53ae-5f06-4f97-9ae8-a9387c219e05,seeming.eu,available,6.19,5.99,high,low,7,namesilo,,,
e96d8f62-34d5-408c-aa02-249aa95ff7ef,publicized.eu,available,4.99,11.99,high,low,10,name.com,,,
dafa161c-474a-4e4a-bb40-c3bc3014e78f,amidships.eu,available,5.49,9.99,medium,low,9,namesilo,,,
90607c6e-7843-49cc-ba78-2678db74add4,abactinal.eu,available,5.49,9.99,medium,low,9,namesilo,,,
57d7ca0a-a135-4a02-b1b9-fcb8e51715ac,articled.eu,available,5.49,9.99,medium,low,8,namesilo,,,06/08/2026 08:28
54369853-20a2-4007-ba95-ca3bff5357fe,grandad.eu,available,6.19,5.99,high,low,7,namesilo,,,
f422cfae-fbaf-47b8-8e28-d658162c3972,lately.eu,premium,8189.63,,high,low,6,Name: NETIM Website: https://www.netim.com/,,,
a8fae643-5487-4349-b03d-403c36b89c4b,sanctioned.eu,available,4.99,11.99,medium,low,10,name.com,,,
06a209cf-2fa3-46a0-ba27-28104c9e1f8a,axonal.eu,available,5.49,9.99,medium,low,6,namesilo,,,08/08/2026 02:01
5f0978dc-4fd8-487c-8714-c9cd4d6b5b5a,incompatible.eu,available,6.19,5.99,medium,low,12,namesilo,,,
99da4df7-4979-4ece-8506-5abbae2a2a71,negotiable.eu,resell,,,high,low,10,Name: Realtime Register B.V. Website: https://www.realtimeregister.com,,,07/08/2026 06:30
72bafb54-2ab5-40cb-83dc-25b6447b41aa,agelong.eu,available,5.49,9.99,medium,low,7,namesilo,,,
aebaf594-88cf-4685-a17a-1159bd271570,aberdonian.eu,available,5.49,9.99,medium,low,10,namesilo,,,
260e5785-6341-4f49-b4d1-a73ff632f251,called.eu,resell,,,high,low,6,Name: Realtime Register B.V. Website: https://www.realtimeregister.com,,,
54a53af2-3ab1-4a0f-9503-425b34f00963,lxv.eu,premium,1757.8,11.99,medium,low,3,Name: Really Useful Domains Ltd Website: www.reallyusefuldomains.co.uk,,,
1f8e2d14-6fff-4ff0-81bd-005d3561b6b4,antigenic.eu,available,6.98,10.98,medium,low,9,namecheap,,,
167eb768-00c8-4876-bbc6-2249a206b126,befuddled.eu,available,5.49,9.99,medium,low,9,namesilo,,,07/08/2026 11:41
3aae4600-a22e-4474-98a0-a852dac2adc3,implied.eu,resell,,,high,low,7,"Name: Dynadot, LLC Website: https://www.dynadot.com/domain/eu.html",,,
e66451fe-09f6-4aeb-ae5f-fc84975924f8,forgive.eu,resell,,,high,low,7,Name: Realtime Register B.V. Website: https://www.realtimeregister.com,,,
448c91c9-d411-4a1e-bebe-42e81df54253,aeonian.eu,resell,,,medium,low,7,"Name: Dynadot, LLC Website: https://www.dynadot.com/domain/eu.html",,,
3a0b9da5-1fc5-40a6-a7e8-d90d512fb560,ring.eu,available,,,high,low,4,,,,
3a268e83-0445-4402-a14f-19f4372c4a26,performs.eu,resell,,,medium,low,8,Name: eu-nemesis.at web invest gmbh & co KG Website: http://www.eu-nemesis.at,,,
85dfb28e-e833-44da-97c4-9d09e75ef1e8,agitated.eu,available,5.49,9.99,medium,low,8,namesilo,,,
f697532f-6a16-407e-9b7b-29ea6a9f34ad,resolved.eu,premium,5407.24,,high,low,8,name.com,,,
6f7242be-733e-4bc8-9417-6bc7aeaf8ce8,granddaughter.eu,available,6.19,5.99,high,low,13,namesilo,,,
978cbff0-38b5-4875-acde-f0f5e3f3b2cf,tentative.eu,premium,1358.62,,high,low,9,Name: Realtime Register B.V. Website: https://www.realtimeregister.com,,,
7924b9b2-4dfc-48f9-88cd-88089cd65010,gun.eu,resell,,,high,low,3,Name: InterNexum GmbH Website: https://www.nicmanager.com,,,
6665dbbf-8acb-45a6-b6e9-c8e8bc77ff80,heedful.eu,available,5.49,9.99,medium,low,7,namesilo,,,
9569e777-fcf0-450c-9c1c-ec071236c1e6,probable.eu,premium,4133.9,,high,low,8,Name: INFOCAL sp. z o.o. Website: https://www.cal.pl,,,
db9cb92a-16b2-4910-8c58-2653947735f1,abeyant.eu,available,5.49,9.99,medium,low,7,namesilo,,,
cda50d7c-d353-4cfc-a02f-7d4be676ca2a,aleatory.eu,available,5.49,9.99,medium,low,8,namesilo,,,
47286f29-918f-4bcc-80c6-57d7fead0d42,steak.eu,resell,,,high,low,5,Name: RegistrarHub Website: https://www.registrarhub.net/,,,
6c03afe0-8f09-4355-81b2-7daf5070357c,apodictic.eu,available,5.49,9.99,medium,low,9,namesilo,,,06/08/2026 01:27
e81fcfe4-e94d-4627-a711-3270fb4e85fc,circinate.eu,available,5.49,9.99,high,low,9,namesilo,,,
90c2ff15-7037-4813-8467-0a8c5e086df1,abounding.eu,available,5.49,9.99,high,low,9,namesilo,,,
3d6d5584-d623-46af-b9ac-277550f66a02,mazed.eu,premium,1719.25,11.99,low,low,5,Name: INFOCAL sp. z o.o. Website: https://www.cal.pl,,,
94c1bfe3-35df-4adf-9aa4-00fbb1a50ee5,altaic.eu,available,5.49,9.99,medium,low,6,namesilo,,,
9f8cc55d-f5e1-4043-bbcf-e2f50f85646d,xli.eu,premium,1758.98,11.99,medium,low,3,Name: Really Useful Domains Ltd Website: www.reallyusefuldomains.co.uk,,,
d3dae398-ad89-48d1-84d8-269155bc6d35,attic.eu,resell,,,high,low,5,"Name: Dynadot, LLC Website: https://www.dynadot.com/domain/eu.html",,,07/08/2026 15:46
96c01cb0-79c7-4827-9e4e-bcf4e8dffb16,evrything.eu,available,6.19,5.99,medium,low,9,namesilo,,,
87756e25-6fa0-4ed8-80e4-831e01af15a4,adulterous.eu,available,5.49,9.99,medium,low,10,namesilo,,,
da85f675-1ded-46b2-bf86-8ad1668aa89d,holes.eu,resell,,,medium,low,5,Name: eu-poena.at web invest gmbh & co KG Website: http://www.eu-poena.at,,,
b7de6e7b-9277-4d09-b536-f5b5ab593324,sextet.eu,available,5.49,9.99,high,low,6,namesilo,,,
4c9c2dea-c577-4d20-88f2-a90f1292f3d7,anachronic.eu,available,5.49,9.99,medium,low,10,namesilo,,,
1c7beebb-165d-4048-88b4-1883f2fdeb8e,antiquary.eu,resell,,,medium,low,9,Name: Porkbun LLC Website: https://porkbun.com/,,,
e7adec4a-80c5-4348-8715-87a6003ca399,prototypal.eu,available,5.49,9.99,medium,low,10,namesilo,,,06/08/2026 15:37
568382c6-fc13-411a-a269-061ffcfbeff0,hundredth.eu,available,5.49,9.99,high,low,9,namesilo,,,
911525f9-9d66-4726-a48b-8b94d5f42341,autologous.eu,available,5.49,9.99,medium,low,10,namesilo,,,07/08/2026 20:37
20c67d16-3556-4eef-93bb-b0032bf0ec8b,glancing.eu,available,5.49,9.99,high,low,8,namesilo,,,
b1a69d9b-7a49-404d-9afd-27dc7c1798f7,aperiodic.eu,available,5.49,9.99,medium,low,9,namesilo,,,05/08/2026 22:30
a53e9752-603b-448b-8901-e3cb927bdfc4,lovesome.eu,premium,4034.2,11.99,medium,low,8,Name: INFOCAL sp. z o.o. Website: https://www.cal.pl,,,
ce6e5499-acb6-4a12-92e2-75ebff9d1dea,nondrinker.eu,available,5.49,9.99,medium,low,10,namesilo,,,
a5c5f8df-5a2b-4329-8d9c-ee3214e3adaf,acropetal.eu,available,5.49,9.99,medium,low,9,namesilo,,,
4d054cdb-ca29-4473-9161-7646d4430933,xxxviii.eu,available,5.49,9.99,medium,low,7,namesilo,,,
53b4ea44-a3e4-464d-b129-05455f63be61,doubter.eu,available,6.98,10.98,medium,low,7,namecheap,,,
bb855a10-fedd-4c7f-927c-3df3d3e62411,tyrannical.eu,available,5.49,9.99,medium,low,10,namesilo,,,07/08/2026 19:12
88a3ea1b-abf7-4d9f-aac5-a17b09411906,adoptive.eu,available,5.49,9.99,high,low,8,namesilo,,,
137b4c76-373b-430d-83c2-8ec50b52d979,macbook.eu,resell,,,high,high,7,Name: Registrar.eu Website: https://www.openprovider.com,,,
ac42add6-27eb-4f40-a1a7-dd18fb4b4b5e,wrote.eu,premium,5573.07,,high,low,5,Name: Realtime Register B.V. Website: https://www.realtimeregister.com,,,
f8b65a09-0961-46e0-baf9-83a507f92ed9,internationally.eu,available,6.19,5.99,medium,low,15,namesilo,,,
0594352a-c9bd-48fb-9d9c-5f69e8475e3d,alabama.eu,resell,,,high,low,7,Name: eu-nemesis.at web invest gmbh & co KG Website: http://www.eu-nemesis.at,,,
453aaaa5-5f1c-43c1-b3f2-8c9735b1f4b4,adenoid.eu,available,5.49,9.99,medium,low,7,namesilo,,,
1cefb3b6-4352-4548-84b7-5c598c65eb42,antitank.eu,available,5.49,9.99,medium,low,8,namesilo,,,05/08/2026 19:44
fef685d4-e202-41ff-9402-1eb1e12f2763,eighter.eu,available,5.49,9.99,medium,low,7,namesilo,,,
d574d365-ffc7-472c-b92c-9545f4575443,crowd.eu,resell,,,high,low,5,Name: EuroDNS S.A. Website: https://www.eurodns.com/,,,
5ea1ce22-bb4a-4c0e-b543-89c72bab2ff1,flooring.eu,resell,,,high,low,8,Name: web invest gmbh Website: http://www.web-invest.at,,,
7a214cf4-00b0-4426-98ce-b5a6d0d1be02,barring.eu,available,5.49,9.99,medium,low,7,namesilo,,,
e63bd29d-82fe-4682-b574-ab61127fe24c,cxxv.eu,available,5.49,9.99,medium,low,4,namesilo,,,
1a6e9f0a-1056-419e-8342-a84edd230ff2,septenary.eu,available,5.49,9.99,medium,low,9,namesilo,,,
07a80c83-197b-4ea5-8fbd-0e004b8e7003,xlv.eu,premium,1758.98,11.99,medium,low,3,Name: Really Useful Domains Ltd Website: www.reallyusefuldomains.co.uk,,,
119504fc-8f00-4d64-8f3d-656171c39714,abundantly.eu,available,4.99,11.99,high,low,10,name.com,,,
7781f4d7-6e16-4557-9bd1-a74ef1b44477,inundated.eu,available,5.49,9.99,medium,low,9,namesilo,,,08/08/2026 00:29
7e69efc0-0f2e-43cd-b570-0c5bb3157660,entranced.eu,available,5.49,9.99,medium,low,9,namesilo,,,09/08/2026 10:11
04222a55-a0ee-4225-a6c6-92132a627b47,accurst.eu,available,5.49,9.99,low,low,7,namesilo,,,
456b546b-a2c6-46bc-9ee5-41fa10f7757c,allowable.eu,available,5.49,9.99,high,low,9,namesilo,,,
446a42a1-a026-4488-998f-211b78bdf2e9,quatern.eu,available,5.49,9.99,medium,low,7,namesilo,,,
500293bb-00e9-43e7-a977-a382bb849446,redemption.eu,resell,,,high,low,10,Name: TheName Limited Website: www.2020reg.net,,,
7dbbdb0c-fb3e-4bf9-8ee7-40c848d43ea1,arse.eu,resell,,,medium,low,4,Name: Realtime Register B.V. Website: https://www.realtimeregister.com,,,
0cd85738-a047-42a0-9854-d5f31e2a5ade,accuser.eu,available,4.99,11.99,medium,low,7,name.com,,,
1fb39963-f4af-4cb3-b82a-573308504764,forehead.eu,available,6.19,5.99,high,low,8,namesilo,,,
7c27baee-cc38-4c46-8ee5-659a9d87ff94,stately.eu,resell,,,high,low,7,"Name: Spaceship, Inc. Website: https://www.spaceship.com/",,,08/08/2026 20:22
eaa53339-c4c2-4923-be9b-0b2d2bfd05c5,amebous.eu,available,5.49,9.99,medium,low,7,namesilo,,,
734e598c-dd99-4218-8f04-b12f10e5f80b,scheduled.eu,premium,6926.96,,high,low,9,Name: Realtime Register B.V. Website: https://www.realtimeregister.com,,,
9dd1c96a-c455-43c4-a764-8f3df8cd03ac,enthralled.eu,available,5.49,9.99,medium,low,10,namesilo,,,09/08/2026 10:06
0a65bcbc-5cc3-4db4-a99b-2f7aa5de50d5,amended.eu,resell,4.99,11.99,medium,low,7,"Name: GoDaddy.com, LLC Website: http://www.godaddy.com",,,
391b41a0-c24e-43e7-b2fd-9de7d2e6aa04,principled.eu,premium,2010.2,11.99,high,low,10,Name: INFOCAL sp. z o.o. Website: https://www.cal.pl,,,
efb60211-c991-4d7f-a068-b7c85e02b581,diminished.eu,available,5.49,9.99,medium,low,10,namesilo,,,07/08/2026 15:00
766b2559-c7b1-4df5-9ca5-005e7636f3e0,dishonour.eu,available,6.19,5.99,medium,low,9,namesilo,,,
21ce26ae-d5ba-47fd-9ddb-c63de7001800,thing.eu,premium,2077.61,,high,low,5,Name: TLD Registrar Solutions Ltd,,,
836e22d6-abe8-45dd-85d0-89a48e5cbade,diminishing.eu,available,6.19,6.19,medium,low,11,namesilo,,,
7d358dc4-161e-4c7b-80bb-2617de60914b,smelling.eu,available,4.99,11.99,high,low,8,name.com,,,
4bf8e1e6-d5fc-40f8-9bf7-462e63457b00,glinting.eu,available,5.49,9.99,medium,low,8,namesilo,,,
ffc4dfae-1aa1-4bb4-91a2-6f2ac5b1aabc,basilar.eu,available,5.49,9.99,medium,low,7,namesilo,,,08/08/2026 22:16
2b9351b1-99b6-4269-8a31-6d46bcf6c8b2,disrespect.eu,available,6.19,5.99,high,low,10,namesilo,,,
2ebab6e7-ac40-4681-8cc3-4924f1dc5b87,toddler.eu,resell,,,high,low,7,Name: web invest gmbh Website: http://www.web-invest.at,,,
44d70c10-5448-4720-8d3b-30ea3f32d4fe,allylic.eu,available,5.49,9.99,medium,low,7,namesilo,,,
11875da8-5048-4e67-96f1-f5e60199572d,xlviii.eu,available,5.49,9.99,medium,low,6,namesilo,,,
31e42b21-56e9-4185-8c3d-1a814e55af15,use.eu,resell,,,high,low,3,"Name: GoDaddy.com, LLC Website: http://www.godaddy.com",,,
0f533793-f903-4d97-814f-4b41e27a165b,ane.eu,resell,,,high,low,3,"Name: Spaceship, Inc. Website: https://www.spaceship.com/",,,
d9f284c8-8ad2-464a-8437-d4d5797c4ea1,argive.eu,available,5.49,9.99,medium,low,6,namesilo,,,06/08/2026 18:27
da58c339-c3ec-4cdb-bdc2-6b066be1f345,surprisingly.eu,available,6.19,5.99,high,low,12,namesilo,,,
ee071753-beb8-493d-86d1-107807151f2c,amylaceous.eu,available,5.49,9.99,medium,low,10,namesilo,,,
1cdc1651-e250-4b82-9e21-ea75a881489a,xlvii.eu,available,5.49,9.99,medium,low,5,namesilo,,,
54cd9b2f-5e12-44f7-8fc5-d75b858f751b,adductive.eu,available,5.49,9.99,medium,low,9,namesilo,,,
297688fa-e80f-47da-bc76-156c981964d5,departed.eu,premium,3998.55,11.99,medium,low,8,Name: INFOCAL sp. z o.o. Website: https://www.cal.pl,,,
1ff7f02f-2f52-4429-b5aa-c4237f71c4d5,bedewed.eu,available,5.49,9.99,low,low,7,namesilo,,,09/08/2026 06:46
68d480a2-348c-4b82-bd19-6999e001747b,argentic.eu,available,4.99,11.99,medium,low,8,name.com,,,
49367bb5-cd87-4a5f-9ca4-5ccd896694cf,brie.eu,resell,,,high,low,4,Name: Realtime Register B.V. Website: https://www.realtimeregister.com,,,
7439c616-f13a-4e11-8c96-975e1cf58ba1,scarred.eu,available,4.99,11.99,medium,low,7,name.com,,,
1f601f80-f0fc-43d2-84b4-b642408cae42,invariably.eu,available,4.99,11.99,medium,low,10,name.com,,,
6adcf1c1-d005-4ccc-8fa7-15eaf7c0b1cb,amnesic.eu,available,5.49,9.99,medium,low,7,namesilo,,,
b57ab8b0-aad0-418b-a80f-8b03b433c46f,physic.eu,resell,,,high,low,6,Name: Realtime Register B.V. Website: https://www.realtimeregister.com,,,
15f93f35-c436-4c9e-b22f-f28970a797d2,aegean.eu,resell,,,high,low,6,"Name: Dynadot, LLC Website: https://www.dynadot.com/domain/eu.html",,,
d1a2dc2f-a1ae-413e-85b3-94857d1e2943,twoscore.eu,available,5.49,9.99,medium,low,8,namesilo,,,
44c3bff5-460b-4613-a0d2-fdecad5d3ec6,newspaper.eu,resell,,,high,low,9,"Name: Spaceship, Inc. Website: https://www.spaceship.com/",,,
8e852d04-ee11-4734-bd6e-a2b40cf2fc6c,allometric.eu,available,5.49,9.99,medium,low,10,namesilo,,,
92422511-6985-4754-8fc4-2c885ef2239a,lxxxv.eu,available,6.98,10.98,medium,low,5,namecheap,,,
fe719956-066d-4f30-92ef-a56be974d6ed,pleasure.eu,resell,,,high,low,8,Name: Registrar.eu Website: https://www.openprovider.com,,,17/09/2026 22:15
aaa6c705-d34b-4fb3-9610-0060db3c68d0,apologetic.eu,available,5.49,9.99,medium,low,10,namesilo,,,06/08/2026 02:07
de2652a8-3efb-4bae-b38c-e969c8c067a0,carousing.eu,available,5.49,9.99,medium,low,9,namesilo,,,08/08/2026 04:24
de3182e4-5fa2-4059-84d7-2c89c4119977,aid.eu,resell,,,high,low,3,"Name: Spaceship, Inc. Website: https://www.spaceship.com/",,,
6b0d354e-915c-42ce-921d-fa2312ffc0ba,informally.eu,available,4.99,11.99,medium,low,10,name.com,,,
0557e851-96d6-4f08-914c-ecdb08c1afc0,occurring.eu,available,6.19,5.99,high,low,9,namesilo,,,
8b10c86c-7006-4bcf-be8c-688a0913f0cd,accursed.eu,available,5.49,9.99,medium,low,8,namesilo,,,
de63b8d7-ec40-421a-a0a7-edf868ed6431,antipodal.eu,available,5.49,9.99,medium,low,9,namesilo,,,
365401cc-d489-4c6d-ae5a-3e16727734b8,apathetic.eu,available,5.49,9.99,medium,low,9,namesilo,,,05/08/2026 22:04
bb87978b-2dd5-418a-af06-508429f0673e,forty.eu,resell,939.55,11.99,high,low,5,Name: TLD Registrar Solutions Ltd,,,
124de336-8245-4f00-9309-5153f3e0d585,fatuous.eu,available,5.49,9.99,low,low,7,namesilo,,,07/08/2026 02:39
6ebc6333-e71f-4a9e-859f-a6e14b92fa52,agamic.eu,available,5.49,9.99,medium,low,6,namesilo,,,
f84b1f70-8807-405f-b62e-4b2c7306f849,affecting.eu,resell,4.99,11.99,high,low,9,"Name: GoDaddy.com, LLC Website: http://www.godaddy.com",,,
5691f04c-4886-4858-a9c8-6540e68b136b,cognisant.eu,available,5.49,9.99,medium,low,9,namesilo,,,08/08/2026 00:18
ecabccc7-5099-4241-b82f-12f118245f61,anorectal.eu,available,5.49,9.99,medium,low,9,namesilo,,,
fc07e764-bf53-4470-8d10-1f05e00307a6,albescent.eu,available,5.49,9.99,medium,low,9,namesilo,,,
71b5ae54-334b-4f0f-b56a-97fb27c6c64b,alkalizer.eu,available,5.49,9.99,medium,low,9,namesilo,,,
ee7c086a-085a-4ac6-858f-3e9c2ec148f7,cocoa.eu,resell,,,high,low,5,Name: EuroDNS S.A. Website: https://www.eurodns.com/,,,
c0593b03-847b-4a32-9b32-ff03036fb1d2,summoned.eu,available,6.19,5.99,medium,low,8,namesilo,,,
220a8eec-2240-4cce-ad7c-3f6433be0da3,paunchy.eu,available,5.49,9.99,medium,low,7,namesilo,,,
a946f5f7-dfaa-4d1a-b10c-32a608a853f4,rats.eu,resell,,,high,low,4,Name: Realtime Register B.V. Website: https://www.realtimeregister.com,,,
436ca3fb-f341-4c92-b83c-05f77ed3cd26,labor.eu,resell,,,high,low,5,Name: 1API GmbH Website: https://www.1api.net,,,
d858009e-2567-495c-a6ee-41bb7d4ad89b,rotfl.eu,available,5.49,9.99,medium,low,5,namesilo,,,
a65ed405-43eb-4815-a73a-b9bfb0dceb61,insufficient.eu,resell,,,medium,low,12,"Name: Dynadot, LLC Website: https://www.dynadot.com/domain/eu.html",,,
05db2def-13de-43a7-8d77-533e3fb0df54,commentate.eu,available,6.19,5.99,high,low,10,namesilo,,,
8749cb5d-e8f2-4467-b41f-1e08a521d00c,week.eu,resell,,,high,low,4,"Name: Shop, s.r.o. Website: http://www.eudomains.sk",,,
8392689f-f407-402b-b9ac-e39ce1c289da,evitable.eu,available,5.49,9.99,medium,low,8,namesilo,,,07/08/2026 22:45
2ef817ae-4f8e-48cf-a2b2-6ea621bc9afb,sold.eu,resell,,,high,low,4,Name: Safenames Ltd Website: safenames.net,,,
884be6f9-2db7-457b-9fac-7f46bc177d4a,robed.eu,available,5.49,9.99,medium,low,5,namesilo,,,06/08/2026 05:03
b272e7d4-88cb-454f-bd5a-5b823c1cf0a2,leaning.eu,resell,,,high,low,7,Name: Realtime Register B.V. Website: https://www.realtimeregister.com,,,
7237a7bd-e1d6-4f89-a209-55f1f3043613,provoke.eu,premium,1382.31,,high,low,7,Name: Realtime Register B.V. Website: https://www.realtimeregister.com,,,
d8f76982-276c-48be-b549-177b924ba228,amyloid.eu,available,5.49,9.99,medium,low,7,namesilo,,,
3d1f4722-4c74-44b4-9754-21b15887c71b,anything.eu,resell,,,high,low,8,Name: InterNexum GmbH Website: https://www.nicmanager.com,,,
89223d00-eb1c-419d-a592-9344bff932cd,lottery.eu,resell,,,high,low,7,Name: Greenmark IT GmbH Website: https://www.do.de,,,
fcdeea2a-5b7e-4e34-8e16-68705fc418ae,moldy.eu,resell,,,medium,low,5,"Name: SIA ""DOMĒNI"" Website: http://www.nc.lv",,,
0b6a884e-4f0b-4aef-a646-f9e60a1ff15a,affine.eu,resell,,,high,low,6,Name: Realtime Register B.V. Website: https://www.realtimeregister.com,,,
f167b989-b19e-4d8e-98ad-32cf5f58af29,sympathetic.eu,available,5.49,9.99,high,low,11,namesilo,,,
52e4f35f-30e5-4e84-87e5-d0eed07daee9,contralto.eu,available,5.49,9.99,medium,low,9,namesilo,,,
025a0441-cf90-45d8-9c70-5cfd54c92009,apsidal.eu,available,5.49,9.99,medium,low,7,namesilo,,,06/08/2026 10:18
3efc036d-00b1-4a25-b9da-8b3a6e7d779d,attend.eu,resell,,,high,low,6,Name: EURODOMENII Website: http://www.domenii.eu,,,
e2c680b9-578b-46e4-8958-55e0a1452fde,subalpine.eu,available,5.49,9.99,medium,low,9,namesilo,,,
b48affb7-caaa-4beb-9717-003952da8ffc,beaded.eu,available,5.49,9.99,medium,low,6,namesilo,,,09/08/2026 03:18
13d228ba-3d41-4bea-b4b0-413cb365a9c4,alkaloidal.eu,available,5.49,9.99,medium,low,10,namesilo,,,
1c67e7e2-22e1-4263-a339-651a3c95205b,miffed.eu,available,5.49,9.99,medium,low,6,namesilo,,,
449b7243-7619-4fdd-860c-77dbec1bf5d3,raunchy.eu,available,5.49,9.99,medium,low,7,namesilo,,,09/08/2026 09:41
81b13647-814f-46d3-90e7-61970cb6246b,climbable.eu,available,5.49,9.99,medium,low,9,namesilo,,,07/08/2026 00:10
65b19410-dd7d-4493-afd3-d743e473cdc8,withering.eu,available,5.49,9.99,medium,low,9,namesilo,,,
0ba70625-a810-4956-b8ee-c299ce3120ca,askance.eu,available,5.49,9.99,medium,low,7,namesilo,,,07/08/2026 02:56
04673f05-7d18-4cae-b26a-fac98c36818a,fulgid.eu,available,5.49,9.99,medium,low,6,namesilo,,,
5895d35e-0e2f-4f2b-a53f-4b6ae5b2492f,alienable.eu,available,5.49,9.99,medium,low,9,namesilo,,,
b9daa321-0b27-4683-8711-31506be36124,archosaur.eu,available,5.49,9.99,medium,low,9,namesilo,,,06/08/2026 15:57
c15eed1a-9225-4e20-9c2b-6791380f0797,abaft.eu,available,5.49,9.99,low,low,5,namesilo,,,
85ba7062-0c97-417c-8fa6-e834fd0055bc,lxxxi.eu,available,5.49,9.99,medium,low,5,namesilo,,,
ea4318a9-9222-4222-a80b-efe8b38aa23d,secondly.eu,premium,3458.74,,medium,low,8,Name: Realtime Register B.V. Website: https://www.realtimeregister.com,,,
16509b61-2bac-4b04-a89b-69de193b0477,possible.eu,resell,,,high,low,8,Name: EXO TECHNOLOGIES spol. s r.o. Website: https://www.exohosting.sk,,,
5a271f44-2d71-4fce-84fc-2a82d5f5cc6e,thumping.eu,available,5.49,9.99,high,low,8,namesilo,,,08/08/2026 13:08
2b294b75-9e66-4f9a-903b-463fcc477c76,taipei.eu,resell,,,high,low,6,Name: The Registrar Company B.V. Website: https://www.theregistrarcompany.com,,,
dd829c03-6652-44f4-8569-64f94d45c847,fictitious.eu,premium,3331.55,11.99,medium,low,10,Name: Realtime Register B.V. Website: https://www.realtimeregister.com,,,
8f897dd2-06cd-4b91-b16b-186817314c20,electricity.eu,resell,,,high,low,11,"Name: Spaceship, Inc. Website: https://www.spaceship.com/",,,
912c9189-94f8-41f0-b512-4dfc67bd1d20,fix.eu,resell,,,high,low,3,Name: Key-Systems GmbH Website: http://www.key-systems.net,,,
7be8e741-ebbe-4d02-bc8d-7163e18141a6,drinking.eu,resell,,,high,low,8,Name: Realtime Register B.V. Website: https://www.realtimeregister.com,,,
938ae24d-9d81-48f7-8bda-cd0c5d886946,toxic.eu,resell,,,high,low,5,"Name: SIA ""DOMĒNI"" Website: http://www.nc.lv",,,
a2154d58-31c6-4152-a0b4-a5a67a3bfdeb,steam.eu,resell,,,high,medium,5,Name: The Registrar Company B.V. Website: https://www.theregistrarcompany.com,,,
8dedcef9-6c5d-40f1-bb25-f0477c212032,significantly.eu,available,6.19,5.99,medium,low,13,namesilo,,,
de790cea-e821-45d6-a9b6-a08dcb25b110,proclaim.eu,resell,,,high,low,8,Name: Realtime Register B.V. Website: https://www.realtimeregister.com,,,
b4c22358-f638-44e0-ba84-61be7f9b2ded,hannukah.eu,available,5.49,9.99,medium,low,8,namesilo,,,
caf25358-415c-4ee4-b11e-0c05bc6184f6,analphabet.eu,available,5.49,9.99,medium,low,10,namesilo,,,
d501494d-4c4f-410a-8054-83a3a910e925,shopworn.eu,available,5.49,9.99,medium,low,8,namesilo,,,08/08/2026 11:06
f8ff931b-cff7-40b7-8eaf-1e9187f86589,arced.eu,available,5.49,9.99,medium,low,5,namesilo,,,06/08/2026 14:28
2484d691-a28f-4de2-acad-a93e28354d63,implausible.eu,available,6.19,5.99,medium,low,11,namesilo,,,
3eef6a8a-a87b-4c38-824a-1a0dc8a4e1e0,nun.eu,resell,,,high,low,3,Name: TLD Registrar Solutions Ltd,,,
2146b611-c678-4656-b1d0-3beb533dcc22,poorly.eu,available,4.99,11.99,medium,low,6,name.com,,,
a890f5ed-02ed-4fa2-afc8-3b9666d8f951,fleshly.eu,available,5.49,9.99,medium,low,7,namesilo,,,
82e0918d-20d6-44ab-a239-77af782a296f,pal.eu,available,,,high,low,3,,,,
8ab68678-f807-4e42-89ef-aaf32a8a6aae,agnate.eu,available,5.49,9.99,medium,low,6,namesilo,,,
61009dc9-1166-409a-9eb9-f2cc8a0dcc59,peeved.eu,available,5.49,9.99,medium,low,6,namesilo,,,
e2699ebe-bd54-46bf-896d-e781e936a988,abashed.eu,available,5.49,9.99,medium,low,7,namesilo,,,
ab6ee4d2-63f6-4ca9-91b0-1f43b8ec050a,absolutist.eu,available,5.49,9.99,high,low,10,namesilo,,,
9c844e12-3efb-4dc8-bcfd-70ea6412743c,lucrative.eu,resell,,,high,low,9,"Name: Dynadot, LLC Website: https://www.dynadot.com/domain/eu.html",,,
89053267-7f29-4ea5-bb5b-c5d2ab8e1674,macro.eu,resell,,,high,low,5,"Name: NameSilo, LLC Website: https://www.namesilo.com",,,
a2da23c2-299f-4619-8d3e-5ed18ee682bc,badness.eu,available,5.49,9.99,medium,low,7,namesilo,,,08/08/2026 07:23
336835ce-ca0a-4a2f-b516-83e3dc03c103,pernicious.eu,available,5.49,9.99,medium,low,10,namesilo,,,08/08/2026 12:01
da365650-f61a-44ab-800e-03150fea4523,barefooted.eu,available,6.98,10.98,medium,low,10,namecheap,,,08/08/2026 18:59
4cf1f6b7-cd54-45b3-84c7-f75f5d16e7d6,acinic.eu,available,5.49,9.99,medium,low,6,namesilo,,,
0deee6f1-cfe6-4cf5-979c-405de2c16785,convene.eu,resell,,,high,low,7,Name: Realtime Register B.V. Website: https://www.realtimeregister.com,,,
13f1128a-d935-4bf7-ba30-f71071df9b7e,bets.eu,resell,,,high,low,4,Name: InterNetX GmbH Website: https://internetx.com,,,
5a34749f-b0d9-43cc-bc58-2cfe32a8b36a,potbellied.eu,available,5.49,9.99,medium,low,10,namesilo,,,
3af02ff1-ca4b-4ecc-bfda-fa0a04853ce1,germicide.eu,available,5.49,9.99,medium,low,9,namesilo,,,
d2038ee0-cbb2-4343-86ec-20575f2f3a8b,cocksucker.eu,available,5.49,9.99,medium,low,10,namesilo,,,08/08/2026 23:29
feeb28ca-67de-49a4-a6ba-5b040f60b097,alimentary.eu,available,5.49,9.99,medium,low,10,namesilo,,,
12a67e7c-ce73-421a-bed3-1b9919343091,adequately.eu,available,4.99,11.99,high,low,10,name.com,,,
d9a3806e-76b7-4007-9c9a-73a08d55e468,cracking.eu,resell,,,high,low,8,Name: The Registrar Company B.V. Website: https://www.theregistrarcompany.com,,,
1457eb24-2086-4b1d-8433-905f5956e893,annulated.eu,available,5.49,9.99,medium,low,9,namesilo,,,
fd42b3a4-59a9-428c-94cc-68ebbf83fa46,extinction.eu,premium,4150.49,,high,low,10,Name: 1API GmbH Website: https://www.1api.net,,,
4517847a-22e5-49c6-93f1-d256e028e60f,ballistic.eu,resell,,,high,low,9,Name: Realtime Register B.V. Website: https://www.realtimeregister.com,,,
60bd35a4-40f7-4811-83e5-e231f6ea3598,aflutter.eu,available,5.49,9.99,medium,low,8,namesilo,,,
2be805b4-499e-47c4-a517-374c25dd06b4,doubling.eu,available,6.19,5.99,high,low,8,namesilo,,,
ac1020e2-61e3-4fd3-a66f-b33cfa82eeee,pretence.eu,available,6.19,5.99,medium,low,8,namesilo,,,
e0a793c5-a596-4e4c-bf01-68b4abc1894b,retracted.eu,available,4.99,11.99,medium,low,9,name.com,,,
5b1e9e6a-d4fd-44d7-8d94-de446e60a850,ignore.eu,premium,13838.51,,high,low,6,Name: NETIM Website: https://www.netim.com/,,,
c8e37c6a-4687-4db8-9ae3-1c8bf7b66eec,prone.eu,premium,6905.64,,medium,low,5,Name: NETIM Website: https://www.netim.com/,,,
34aa2dcd-9176-47f1-8898-32f94c78af8d,bellbottom.eu,available,5.49,9.99,low,low,10,namesilo,,,09/08/2026 13:21
5af069b4-4a0d-45ae-9af9-68ef2528a7d1,lgbtq.eu,resell,,,high,low,5,Name: Name.com / Dave McBreen Website: https://www.name.com,,,
cf1295c1-ceb3-48cd-808d-b3eba55f248f,angulate.eu,available,5.49,9.99,medium,low,8,namesilo,,,
91be0ce6-8ff7-4fcf-ad14-ca2edecbff1d,backless.eu,available,5.49,9.99,medium,low,8,namesilo,,,08/08/2026 05:48
606a7fea-eebe-4696-a1f0-e6f3d7ac8ced,annelidan.eu,available,5.49,9.99,medium,low,9,namesilo,,,
dde5da66-d488-4674-a73c-ed402dc8dcf4,ilxxx.eu,available,6.98,10.98,low,low,5,namecheap,,,
03c1103a-425f-424c-96a2-867fa7c6a526,receipts.eu,resell,,,high,low,8,Name: Realtime Register B.V. Website: https://www.realtimeregister.com,,,
01bcf04d-b096-4576-85a6-cf101bb41cad,harrowing.eu,available,5.49,9.99,medium,low,9,namesilo,,,
07150a9e-53a8-4bfa-af79-fd69d606b158,fifteenth.eu,available,5.49,9.99,high,low,9,namesilo,,,
1ad3dcb4-4b32-49d8-a1a8-24d5ef335e5b,autotomic.eu,available,5.49,9.99,medium,low,9,namesilo,,,07/08/2026 21:13
f603a6bf-8ae6-4fe5-9c40-96d59fd2a19b,consensus.eu,resell,,,high,low,9,"Name: GoDaddy.com, LLC Website: http://www.godaddy.com",,,
3dc9e5ad-ffc1-4d9f-a4e1-d8a67440ddc3,atrophic.eu,available,5.49,9.99,low,low,8,namesilo,,,07/08/2026 14:52
926f252d-d20b-441b-a26f-ba9d166040be,begotten.eu,available,5.49,9.99,medium,low,8,namesilo,,,09/08/2026 09:11
720ac2c9-b98d-4767-84a0-207d157bc95f,perfect.eu,premium,36026.57,,high,medium,7,name.com,,,
2f5eaaeb-3436-461d-99b7-ef42169ce0f2,glittering.eu,premium,2015.95,11.99,high,low,10,Name: Domainers Registrar AG Website: https://www.domainers.de,,,
25407a30-a415-4fc7-9ce2-0b81d53aa241,afterwards.eu,premium,3361.45,11.99,medium,low,10,Name: INFOCAL sp. z o.o. Website: https://www.cal.pl,,,
b8158e84-09da-496d-9839-bd47b26573a1,earth.eu,resell,,,high,medium,5,"Name: Spaceship, Inc. Website: https://www.spaceship.com/",,,
6d276fe2-3037-46ca-9263-afb4129662ed,depress.eu,premium,4104.29,,high,low,7,Name: Realtime Register B.V. Website: https://www.realtimeregister.com,,,
bdb10e7d-bc2e-4cae-80df-383727cfe567,antlered.eu,available,5.49,9.99,medium,low,8,namesilo,,,05/08/2026 20:11
952227e2-a286-42b5-99fd-dc1357e587d4,systematically.eu,available,6.19,5.99,medium,low,14,namesilo,,,
159aa609-d61e-4cd0-be31-052c318dd5c7,pesky.eu,resell,,,medium,low,5,"Name: Spaceship, Inc. Website: https://www.spaceship.com/",,,
d372fcc6-ea01-424f-ae7e-9e17a3d9542f,existence.eu,resell,,,high,low,9,"Name: Dynadot, LLC Website: https://www.dynadot.com/domain/eu.html",,,
9a70919c-b7d2-4573-8bae-cceb9120e32d,rudderless.eu,available,5.49,9.99,medium,low,10,namesilo,,,
c3125d24-a6ed-45fc-a0e2-a6a1d3ce4928,undesirable.eu,available,6.19,5.99,medium,low,11,namesilo,,,
654be5a7-0458-43c8-bd86-a602a0bf552a,irritable.eu,available,4.99,11.99,medium,low,9,name.com,,,
2c0d5689-f0f0-47b8-8378-b41bf56c6f7f,emoji.eu,resell,,,high,low,5,Name: Vautron Rechenzentrum AG Website: www.vautron.de,,,
d744df28-8ec1-4b9c-996b-f51424270a59,liked.eu,resell,,,high,low,5,Name: Realtime Register B.V. Website: https://www.realtimeregister.com,,,
70c2b2ef-acbf-40e4-8fa1-4eaf750173b3,bought.eu,resell,,,high,low,6,Name: EURODOMENII Website: http://www.domenii.eu,,,
113cb51b-a78c-4af4-a379-d39766e84ab1,regardless.eu,premium,3467.03,,high,low,10,Name: Realtime Register B.V. Website: https://www.realtimeregister.com,,,
c5a30d8b-74d4-45d1-be1b-d9282606484c,portable.eu,resell,,,high,low,8,Name: InterNetX GmbH Website: https://internetx.com,,,
ec3d4932-6aaa-4add-afa7-75b3906ee027,apoplectic.eu,available,5.49,9.99,medium,low,10,namesilo,,,06/08/2026 03:29
8e3c847c-352f-40f4-95e6-79f6c1d014e9,irritate.eu,available,6.19,5.99,medium,low,8,namesilo,,,
7833e3d3-8e60-4fc0-a354-d73ee3068a4b,barbarous.eu,available,5.49,9.99,medium,low,9,namesilo,,,08/08/2026 15:40
31fec122-1eab-481a-89c4-1d50b9af6af6,accusation.eu,available,4.99,11.99,high,low,10,name.com,,,
30741893-2f08-43ba-854c-8d6d6bd2af64,proclaiming.eu,available,6.19,6.19,high,low,11,namesilo,,,
4918e69d-e41b-4643-9e0e-7925930433e3,autistic.eu,resell,,,high,low,8,Name: Profiregistrar UG (haftungsbeschränkt) Website: https://www.profiregistrar.de,,,
a129d561-97ac-495f-8f2d-e0704e2a1846,heartthrob.eu,available,6.19,5.99,high,low,10,namesilo,,,
a3fb0f16-73bd-4962-b5d6-a7569ec18325,caught.eu,resell,,,high,low,6,Name: EuroDNS S.A. Website: https://www.eurodns.com/,,,
2b9d3614-df85-4b49-ba41-e065f89f9006,capitalism.eu,resell,,,high,low,10,"Name: Dynadot, LLC Website: https://www.dynadot.com/domain/eu.html",,,
05fc54ea-43d0-46e8-8daf-c52d6f938d61,bowed.eu,available,5.49,9.99,medium,low,5,namesilo,,,06/08/2026 14:55
df3b3282-3550-474e-b47f-92870ebb6479,repel.eu,premium,17202.49,,high,low,5,Name: NETIM Website: https://www.netim.com/,,,
a778e6fc-5c48-4924-be24-5c16748e6c13,accentual.eu,available,5.49,9.99,medium,low,9,namesilo,,,
9d47ef6d-1808-4f0e-929a-a44cebb70923,algometric.eu,available,5.49,9.99,low,low,10,namesilo,,,
463ccff8-c95a-44da-ac83-5eff2a508997,septet.eu,available,5.49,9.99,medium,low,6,namesilo,,,
d0432976-f456-4080-8833-66d956a14d66,despise.eu,available,6.19,5.99,high,low,7,namesilo,,,
3cb0b370-424c-4cea-b1d4-be68fc2a9e28,aneuploid.eu,available,5.49,9.99,medium,low,9,namesilo,,,
a97040f8-4ccc-4ac0-877a-97f8c5fb1048,acherontic.eu,available,5.49,9.99,low,low,10,namesilo,,,
3b074bb8-cbbe-41f0-8be1-4d6f4bdd613a,andorran.eu,available,5.49,9.99,high,low,8,namesilo,,,
e25a7a2f-3030-4684-9ac4-3c50499e78b1,drawing.eu,resell,,,high,low,7,Name: TLD Registrar Solutions Ltd,,,
a6f21a43-f7ad-4d64-aa39-15d5bcc8ae8b,noncitizen.eu,available,4.99,11.99,medium,low,10,name.com,,,
956e5a74-2e07-41ce-8fa8-a732c32420ad,ahorseback.eu,available,6.98,10.98,medium,low,10,namecheap,,,
5f98cc48-1077-4abd-b90c-b38206756d36,actinon.eu,available,5.49,9.99,medium,low,7,namesilo,,,
0abd94b7-2fb9-4199-9294-b58eae207be7,manila.eu,resell,,,high,low,6,Name: eu-nemesis.at web invest gmbh & co KG Website: http://www.eu-nemesis.at,,,
a8787bf0-b7be-4a52-b868-702b90d185d7,remover.eu,resell,,,high,low,7,Name: Realtime Register B.V. Website: https://www.realtimeregister.com,,,
949a4e7d-cd1c-4d7c-bd3f-e59b0495d85f,coherently.eu,available,4.99,11.99,medium,low,10,name.com,,,
2587fdd4-ad11-42cf-8605-ad98041e0457,attained.eu,available,5.49,9.99,medium,low,8,namesilo,,,07/08/2026 15:07
a2625047-a4a8-4e19-ac4b-9e35028883dd,sunbelt.eu,resell,,,high,low,7,Name: unixSECURITY InternetdienstleistungsgmbH Website: https://www.webmachine.eu,,,
b4947750-87d1-4188-b445-baf6e1e406d1,stemless.eu,available,5.49,9.99,medium,low,8,namesilo,,,
63bb723b-71ea-4941-b819-5d79aecd15f2,endurable.eu,available,5.49,9.99,medium,low,9,namesilo,,,09/08/2026 04:33
62c20d0e-85cc-411e-b7f3-5247a73a0c75,abstemious.eu,available,5.49,9.99,medium,low,10,namesilo,,,
5bf848df-beba-4865-bfd7-f34a8d0f8773,sickly.eu,available,6.98,10.98,high,low,6,namecheap,,,
f7b6f898-57be-47f4-89b2-40b9dfc96b5c,aggravated.eu,available,5.49,9.99,medium,low,10,namesilo,,,
4ca3a482-043c-4eb2-a108-bfe413581d64,alated.eu,available,5.49,9.99,medium,low,6,namesilo,,,
3fb81a29-b628-4f97-9c7e-54e42d607092,inhibit.eu,premium,5.49,9.99,high,low,7,namesilo,,,
545b109b-7e2b-459f-af28-dace7fc5c76e,pimply.eu,available,5.49,9.99,low,low,6,namesilo,,,
582d2945-0900-402c-b2ae-1546e26e15c6,needing.eu,resell,,,high,low,7,Name: Dropcatching UG (haftungsbeschränkt) Website: https://www.domaindropcatching.de,,,
30380dea-1446-4ce6-833d-1a4bba9ef45f,abject.eu,resell,1667.5,11.99,high,low,6,"Name: Spaceship, Inc. Website: https://www.spaceship.com/",,,
64bf44e7-3397-4dbc-9a1c-c7c35d944ef5,aneroid.eu,available,5.49,9.99,medium,low,7,namesilo,,,
79ccda0f-a6ec-4020-b131-53bfb1fc4034,spidery.eu,available,5.49,9.99,medium,low,7,namesilo,,,06/08/2026 11:46
402e48df-d319-4b9e-8e51-1d937c245504,worshipful.eu,available,5.49,9.99,high,low,10,namesilo,,,
703c3dd1-f44c-4b3f-9e56-27fae5f40689,apnoeic.eu,available,5.49,9.99,medium,low,7,namesilo,,,06/08/2026 00:46
f40f8d40-8b2d-4eb7-9dc3-5c4fa1b96752,beheaded.eu,available,5.49,9.99,low,low,8,namesilo,,,09/08/2026 10:21
4f9a95fb-ae6e-4cf6-83b4-9ee65afe873a,afrikaner.eu,available,5.49,9.99,high,low,9,namesilo,,,
d48d32c9-d249-4878-8b5d-273e32038110,twelfth.eu,available,5.49,9.99,high,low,7,namesilo,,,
8bb95128-c234-497b-8061-a39d89f4c7ff,ablated.eu,available,5.49,9.99,medium,low,7,namesilo,,,
3c1a070e-40db-4819-8929-94b773e4bbcb,afferent.eu,available,5.49,9.99,high,low,8,namesilo,,,
5025a5b6-e75f-443a-9669-4b22f81c1163,similarly.eu,available,4.99,11.99,medium,low,9,name.com,,,
214c4e36-59f7-48fa-bc23-9e0c6becc812,apologise.eu,resell,1368.1,,high,low,9,"Name: Dynadot, LLC Website: https://www.dynadot.com/domain/eu.html",,,
1518c684-d00e-4831-8e49-93e4dbf39755,identifier.eu,resell,,,high,low,10,Name: Combell NV Website: http://www.combell.com,,,
b8710d8c-5771-4002-bb59-402064b586e3,acknowledge.eu,premium,8228.72,,high,low,11,Name: NETIM Website: https://www.netim.com/,,,
9806aab9-6f16-4f65-a364-aa8f8f2c98d2,apostate.eu,available,5.49,9.99,medium,low,8,namesilo,,,06/08/2026 03:35
39fb5607-cb76-4048-be6a-ea0e0d18cf76,whereas.eu,available,10.99,,high,low,7,name.com,,,
df70b6f6-0cf8-4807-8073-8f62532642f7,amnionic.eu,available,5.49,9.99,medium,low,8,namesilo,,,
38015dd9-7bee-48e9-afa6-29a4a1de64ae,atonic.eu,available,5.49,9.99,low,low,6,namesilo,,,07/08/2026 13:54
6efbf3a2-c2c3-497e-a909-8e82bf0053d2,acervate.eu,available,5.49,9.99,medium,low,8,namesilo,,,
31e0a98f-d81f-42b3-a353-1691c1bbc7ba,which.eu,resell,,,high,medium,5,Name: TLD Registrar Solutions Ltd,,,
6622333c-015d-411c-bc2a-bb6fa8c6b863,groundless.eu,available,5.49,9.99,medium,low,10,namesilo,,,08/08/2026 21:49
319a7331-887f-4320-8858-eb4c7261a69c,anionic.eu,available,5.49,9.99,medium,low,7,namesilo,,,
55262552-8f18-4554-9c79-a827ed0fe752,admiration.eu,resell,,,high,low,10,Name: Realtime Register B.V. Website: https://www.realtimeregister.com,,,
5d327032-78a3-47f7-8262-aa3674db5e23,cleaner.eu,resell,,,high,low,7,Name: TLD Registrar Solutions Ltd,,,
3f95a83c-0882-4367-ac76-95e939a016ac,loving.eu,resell,,,high,low,6,Name: InterNexum GmbH Website: https://www.nicmanager.com,,,
afaff484-ce77-4ba8-8af7-1634b6a11847,avaricious.eu,available,5.49,9.99,medium,low,10,namesilo,,,07/08/2026 21:48
3c75c336-ffd4-4e6b-9a65-5092a34df4e3,buttony.eu,available,5.49,9.99,low,low,7,namesilo,,,09/08/2026 03:34
ee307001-9c36-489b-8017-10c8a4de1d42,whiten.eu,resell,,,medium,low,6,Name: Realtime Register B.V. Website: https://www.realtimeregister.com,,,
7ac8837f-7ffb-47a9-908f-7c1aa5891fbd,azoic.eu,available,5.49,9.99,medium,low,5,namesilo,,,08/08/2026 02:22
b7b9864f-44c6-49e4-9eee-9b1c0d20a2c6,played.eu,premium,3236.05,,high,low,6,Name: 1API GmbH Website: https://www.1api.net,,,
c86c1295-c498-4870-81fa-02352b06136b,acarpelous.eu,available,5.49,9.99,medium,low,10,namesilo,,,
9596f688-9b6c-47f0-ac04-905b770e2b37,allophonic.eu,available,5.49,9.99,medium,low,10,namesilo,,,
38b1f896-5751-447e-9faf-f1ec9813f2af,decide.eu,resell,,,high,low,6,"Name: Dynadot, LLC Website: https://www.dynadot.com/domain/eu.html",,,
cd201599-b0ca-4228-a26b-a3aca68a20e5,acquirable.eu,available,5.49,9.99,medium,low,10,namesilo,,,
e489de28-d2d2-49f1-b582-13273c799ad1,avellan.eu,available,5.49,9.99,medium,low,7,namesilo,,,07/08/2026 22:24
733c84c8-9b55-42bd-8ceb-68d4815549c0,aluminous.eu,available,5.49,9.99,medium,low,9,namesilo,,,
86aed597-121d-4578-b8d2-5e70db7ec625,diversify.eu,resell,,,high,low,9,Name: Realtime Register B.V. Website: https://www.realtimeregister.com,,,
8c03d8d4-c9b6-488f-9fa7-3002cc657369,media.eu,available,,,high,low,5,,,,
95d611c9-832c-4e84-a99f-19600d74817d,wholesome.eu,resell,,,high,low,9,Name: Realtime Register B.V. Website: https://www.realtimeregister.com,,,
c48d0526-558a-4129-be52-cde4b980c15b,aleutian.eu,available,5.49,9.99,medium,low,8,namesilo,,,
67c91b06-4936-4836-bbb1-e918a1825391,experimentally.eu,available,6.19,5.99,medium,low,14,namesilo,,,
1e61fd8d-c448-464b-9877-cf605f429484,aramaic.eu,available,5.49,9.99,medium,low,7,namesilo,,,06/08/2026 12:13
4dcc2f34-dab7-45a8-b51e-e9fb8c98bcc4,ann.eu,resell,,,high,low,3,Name: Realtime Register B.V. Website: https://www.realtimeregister.com,,,
b68159bd-6927-489b-a1fb-bb73d69eee7d,affidavit.eu,resell,,,high,low,9,Name: Domainers Registrar AG Website: https://www.domainers.de,,,
b38d0936-234e-4582-a21b-c158e747965e,grouchy.eu,available,5.49,9.99,medium,low,7,namesilo,,,08/08/2026 07:52
7d6a8de5-f737-4718-a3dc-b78b8fa98d6c,bomb.eu,resell,,,high,low,4,Name: web invest gmbh Website: http://www.web-invest.at,,,
acc87a4c-46a7-496d-bd15-81d2d4ba5d7b,vomiting.eu,available,6.19,5.99,high,low,8,namesilo,,,
ee19c0d7-4998-4316-abd9-9e6d864abeb8,investments.eu,resell,,,high,low,11,Name: Greenmark IT GmbH Website: https://www.do.de,,,
469e871f-512c-43a1-b981-cc9b957e07e1,acerb.eu,available,5.49,9.99,medium,low,5,namesilo,,,
2dbf19a8-036c-4772-b720-f42f806aa3b2,beetling.eu,available,5.49,9.99,medium,low,8,namesilo,,,09/08/2026 08:22
387e15e0-498d-4834-96c8-dac91883652f,acetous.eu,available,5.49,9.99,medium,low,7,namesilo,,,
12bde13d-d0ee-4cda-b904-51b1cc25c9ca,ascendable.eu,available,5.49,9.99,medium,low,10,namesilo,,,07/08/2026 00:35
c18ca18d-7249-4339-b6f6-fbd83ef5e0c1,despotic.eu,available,5.49,9.99,medium,low,8,namesilo,,,07/08/2026 18:58
ebdda94c-0f6e-46b2-afa1-bf4358ae37a0,acuate.eu,available,5.49,9.99,medium,low,6,namesilo,,,
bca70446-bac7-43f2-bcfa-fcd70431b5e6,abdicable.eu,available,5.49,9.99,low,low,9,namesilo,,,
6cea1f5a-62fb-4ed8-849c-20b7876b905d,plaguy.eu,available,5.49,9.99,medium,low,6,namesilo,,,
a46b1f9f-6f62-40c9-b971-e9086ee9788c,areal.eu,resell,,,medium,low,5,Name: rockenstein AG Website: https://www.rockenstein.de,,,06/08/2026 17:21
d201775e-5bd3-41be-a211-7fd3973b2c94,creaky.eu,available,5.49,9.99,medium,low,6,namesilo,,,06/08/2026 22:59
3ee37ddb-f874-456d-9ed7-59589a537f92,assuming.eu,resell,4.99,11.99,medium,low,8,"Name: GoDaddy.com, LLC Website: http://www.godaddy.com",,,07/08/2026 08:16
efc688d9-e23a-4f2b-b74c-ee022b52a0e1,reference.eu,resell,,,high,low,9,Name: web invest gmbh Website: http://www.web-invest.at,,,
f4d17723-46aa-407c-8690-e4a5ceb45030,spirited.eu,premium,5403.69,,high,low,8,name.com,,,
5721cb5a-fc32-4dfd-995a-980a644cf666,untypical.eu,available,5.49,9.99,medium,low,9,namesilo,,,07/08/2026 16:10
fa78fac3-eba3-44c3-9fdc-02ccbeda79e6,accident.eu,available,,,high,low,8,,,,
6f341394-1dbf-4081-8e08-63a9f3ca0ab3,approach.eu,resell,,,high,low,8,Name: Realtime Register B.V. Website: https://www.realtimeregister.com,,,
adb7d470-dfbc-4e16-b872-fa5df1e4dc0c,vindicated.eu,available,5.49,9.99,high,low,10,namesilo,,,08/09/2026 05:23
375fbc4f-e7a4-486e-89f3-019a98b11fd0,affirmative.eu,resell,,,high,low,11,"Name: Dynadot, LLC Website: https://www.dynadot.com/domain/eu.html",,,20/09/2026 13:24
48b925d3-1da2-44d8-9359-a6558301a5cb,vexing.eu,available,5.49,9.99,medium,low,6,namesilo,,,
a8e55ae7-9205-42af-bd8b-c9f885f487b5,ghostlike.eu,available,5.49,9.99,medium,low,9,namesilo,,,06/08/2026 05:23
35f9bc0d-f468-4015-a459-ed03e3ff7441,temporary.eu,resell,,,high,low,9,Name: eu-artemis.at web invest gmbh & co KG Website: http://www.eu-artemis.at,,,
96691f35-1ba5-4069-ad6c-2c58aede6a93,unassuming.eu,available,4.99,11.99,high,low,10,name.com,,,
5e1216d8-9a18-434a-91ff-fd77795e6c36,sidelong.eu,available,5.49,9.99,medium,low,8,namesilo,,,07/08/2026 03:26
bdebddbf-ff39-42ca-8f1f-f1605edd5251,abstracted.eu,premium,2007.9,11.99,medium,low,10,Name: Domainers Registrar AG Website: https://www.domainers.de,,,
49b78a9b-dfe8-4b1e-86cd-5cb113708dc7,reasonably.eu,available,4.99,11.99,medium,low,10,name.com,,,
bff96d0a-c5ce-489d-9438-db53b3950658,resounding.eu,premium,2019.4,11.99,high,low,10,Name: Realtime Register B.V. Website: https://www.realtimeregister.com,,,
d45a7786-72f4-4f9e-8444-68d2b0208d58,indifferent.eu,resell,,,high,low,11,Name: Realtime Register B.V. Website: https://www.realtimeregister.com,,,
14613b3f-4c0b-439c-b4c3-2684c3d6730e,encouraging.eu,premium,5.49,9.99,high,low,11,namesilo,,,
5a6e98c9-eb43-4b50-9224-f164d0d1a9d4,conflicted.eu,available,6.19,5.99,medium,low,10,namesilo,,,
7e9904ba-5bc3-40c6-a8f8-f7f2e479f7f2,chiliad.eu,available,5.49,9.99,high,low,7,namesilo,,,
a0b506fb-519b-4185-ae3c-893ae71e047a,incorrect.eu,resell,,,high,low,9,Name: Realtime Register B.V. Website: https://www.realtimeregister.com,,,
5df0c59b-8f7c-415e-bc06-59784a4e7698,relations.eu,resell,,,high,low,9,Name: eu-themis.at web invest gmbh & co KG Website: http://www.eu-themis.at,,,
1d133aa4-b302-4db3-87f2-4b0446c319e0,barometric.eu,available,6.98,10.98,medium,low,10,namecheap,,,08/08/2026 20:06
5a748f10-9898-4e95-a0c4-6425a2b9c2c5,accoutered.eu,available,5.49,9.99,medium,low,10,namesilo,,,
981ea5a2-5080-45c1-8d9a-4b0d7a8daaac,pestering.eu,available,5.49,9.99,medium,low,9,namesilo,,,
258b6008-11d7-4e9b-9551-851f99f97342,aurous.eu,resell,,,medium,low,6,Name: INWX GmbH Website: https://www.inwx.com/en/eu-domain,,,
2b395103-1db1-473e-af20-f86a02c87c63,threesome.eu,resell,,,high,low,9,"Name: DonDominio.com / Soluciones Corporativas IP, SL Website: https://www.dondominio.com",,,
29b73f69-df5c-4ce2-b81f-8105db88ae1b,discussion.eu,resell,,,high,low,10,Name: eu-artemis.at web invest gmbh & co KG Website: http://www.eu-artemis.at,,,
a1f2dc0a-e289-45f4-a52c-0634daf8492c,journalism.eu,resell,,,high,low,10,Name: Registrar.eu Website: https://www.openprovider.com,,,
19eb4320-d2f8-4441-bb56-60874e844aef,revealing.eu,resell,,,high,low,9,Name: Domainers Registrar AG Website: https://www.domainers.de,,,
921d0773-b511-479f-ab17-e8ec3f9cc671,allargando.eu,available,5.49,9.99,low,low,10,namesilo,,,
50aacdb0-9499-4b22-a124-c06b9ea2f565,talent.eu,resell,,,high,medium,6,"Name: Spaceship, Inc. Website: https://www.spaceship.com/",,,
8c9d54ae-d544-4856-ac9b-03fc6beb6ed0,dismissal.eu,resell,,,high,low,9,"Name: Dynadot, LLC Website: https://www.dynadot.com/domain/eu.html",,,
e82e2503-1532-4399-bf98-bc9198a1a6fb,propagated.eu,available,5.49,9.99,medium,low,10,namesilo,,,
63491fb6-9162-4437-9ce0-49b4dbb1e831,achy.eu,resell,,,medium,low,4,"Name: Spaceship, Inc. Website: https://www.spaceship.com/",,,
611aca11-8f86-4e82-ac63-641b738143f2,ailing.eu,available,6.98,10.98,high,low,6,namecheap,,,
c9a8d787-69b9-4534-8eb8-eb2241c1ac13,embrace.eu,resell,,,high,low,7,"Name: Dynadot, LLC Website: https://www.dynadot.com/domain/eu.html",,,
5a195848-2676-4adc-a0d3-4bfefd7bb8f7,grungy.eu,available,5.49,9.99,low,low,6,namesilo,,,09/08/2026 09:36
4976ffe5-1912-4cfe-8923-0784addd8ea1,maledict.eu,available,5.49,9.99,low,low,8,namesilo,,,
5296dbb3-2462-4943-8eb2-28f1b2b01677,skirt.eu,available,,,high,low,5,,,,
edc610e3-d77b-4b3f-8424-d5d77448c7be,facetious.eu,available,5.49,9.99,medium,low,9,namesilo,,,08/08/2026 14:39
36350b8c-5b33-4021-963f-7cd9b5be8624,question.eu,resell,,,high,low,8,Name: Key-Systems GmbH Website: http://www.key-systems.net,,,
ce63771e-bf84-401f-a213-284b90d841c1,aeriform.eu,available,5.49,9.99,medium,low,8,namesilo,,,
54d45e05-50d5-43b2-87f3-499096d0191f,whoreson.eu,available,5.49,9.99,low,low,8,namesilo,,,08/08/2026 23:43
4d6ee9f2-bedf-4e66-b752-08c7867e6959,cxl.eu,premium,1758.98,11.99,high,low,3,Name: Really Useful Domains Ltd Website: www.reallyusefuldomains.co.uk,,,
bf4bbd82-496f-4667-83de-dd002d0d6bfa,baffling.eu,available,5.49,9.99,medium,low,8,namesilo,,,08/08/2026 08:02
5b30f277-3d68-4021-bfd8-0502ad17aaae,indorse.eu,available,5.49,9.99,medium,low,7,namesilo,,,08/08/2026 05:17
024c501a-a5a2-4b61-aef5-7fa1dfcf14b7,flooded.eu,resell,,,high,low,7,Name: Realtime Register B.V. Website: https://www.realtimeregister.com,,,08/08/2026 00:23
7facf83f-3f92-4484-8455-3ffd23042180,exaggerate.eu,available,6.19,5.99,high,low,10,namesilo,,,
4185494d-abca-487e-bafb-43354743620b,oklahoma.eu,resell,,,high,low,8,Name: eu-artemis.at web invest gmbh & co KG Website: http://www.eu-artemis.at,,,
31cbebc7-b27d-4097-963b-04cbff1a069b,cxxxv.eu,available,5.49,9.99,medium,low,5,namesilo,,,
0d050c4b-70eb-4421-acb7-14a70d589ef3,philanthropic.eu,premium,2784.76,,high,low,13,Name: Porkbun LLC Website: https://porkbun.com/,,,
9e568a05-c3d6-4bea-a77c-1233bee56cfc,accessary.eu,available,5.49,9.99,medium,low,9,namesilo,,,
0c33cc1f-1002-4674-8c19-83a8705a79fd,stung.eu,premium,2692.37,11.99,medium,low,5,Name: INWX GmbH Website: https://www.inwx.com/en/eu-domain,,,
48d57cc6-335e-4b26-813d-208a26223eba,threadbare.eu,available,5.49,9.99,medium,low,10,namesilo,,,08/08/2026 11:10
959640be-5ad3-412a-b35b-0a4eccd4781a,buns.eu,resell,,,medium,low,4,Name: Realtime Register B.V. Website: https://www.realtimeregister.com,,,
738a0515-8fbb-437e-9cd4-33d52edfbc6f,engrossing.eu,available,5.49,9.99,high,low,10,namesilo,,,
37fb427f-b4d7-460d-86e8-ee396c1f8e1d,rising.eu,resell,,,high,low,6,Name: InterNetX GmbH Website: https://internetx.com,,,
fa85ce9b-7cbd-4d30-970e-89f5077e98ff,jerk.eu,resell,,,high,low,4,Name: InterNetX GmbH Website: https://internetx.com,,,
861f7683-4483-40cf-a9fd-e5975cbda46d,agitating.eu,available,5.49,9.99,medium,low,9,namesilo,,,
c0099b6c-e48e-4f61-aafc-25d6d485b48d,antsy.eu,available,5.49,9.99,medium,low,5,namesilo,,,05/08/2026 20:27
8747d37a-08b7-41cb-bc14-d619a7f11a0c,allergist.eu,premium,5.49,9.99,medium,low,9,namesilo,,,
a0f9abaa-2e14-4182-adc2-6411f74cbea6,lose.eu,premium,1391.79,,medium,low,4,Name: Realtime Register B.V. Website: https://www.realtimeregister.com,,,
135f38e5-738c-45cf-97ea-3fbf5e346718,montreal.eu,resell,,,high,low,8,Name: Registrar.eu Website: https://www.openprovider.com,,,
7cc29a69-cc63-4e31-a5d2-6e05efc461d2,aeriferous.eu,available,5.49,9.99,medium,low,10,namesilo,,,
2e7e5568-0951-40d4-b0bd-e9542756ddc5,adverse.eu,resell,,,medium,low,7,Name: EuroDNS S.A. Website: https://www.eurodns.com/,,,
1646cd09-7419-4899-8c97-a6e415d0dcae,awarding.eu,available,4.99,11.99,high,low,8,name.com,,,
fbcd5d82-9e84-4544-a9dc-229a307f2dce,absolved.eu,available,5.49,9.99,high,low,8,namesilo,,,
1e3b05fc-9342-43a7-8c94-7c18903bd90d,blistering.eu,available,5.49,9.99,medium,low,10,namesilo,,,
bb299169-02f9-45ef-9212-674f9b5434d3,yeasty.eu,available,5.49,9.99,medium,low,6,namesilo,,,08/08/2026 19:56
56f56efa-8966-42e1-9101-fd36a33288e8,neighbour.eu,resell,,,high,low,9,Name: Totaalnet Internet Works b.v. Website: https://www.tiw.nl,,,
ff88e611-2758-4995-a36f-652311c29b3b,acerate.eu,available,5.49,9.99,medium,low,7,namesilo,,,
a0b82b1c-1695-43f7-aa35-d2a91d0bc4d8,ague.eu,available,5.49,9.99,medium,low,4,namesilo,,,
eee51b4f-8384-42e3-ac90-14d883621292,uncontrollable.eu,available,5.49,9.99,medium,low,14,namesilo,,,
d8362f25-b70d-49c5-a689-82295cf72652,typically.eu,available,4.99,11.99,medium,low,9,name.com,,,
cd9041e5-f2fa-4d55-b4ae-0e2396bd890c,aplitic.eu,available,5.49,9.99,medium,low,7,namesilo,,,06/08/2026 00:35
9f1a2013-fcc7-47a9-a897-70656d79169c,khakis.eu,available,6.19,5.99,high,low,6,namesilo,,,
7c214e8d-7544-44f8-8429-7e8f1fc01105,norwegian.eu,resell,,,high,low,9,Name: SIA AmberBit Website: www.amberbit.eu,,,
939a1a6e-6e78-4019-a0a4-a397dfaaecbc,banking.eu,resell,,,high,low,7,Name: TLD Registrar Solutions Ltd,,,
0810811d-0c09-4ab7-9a3d-8b97c2fcf46c,rushing.eu,premium,2772.91,,high,low,7,Name: Realtime Register B.V. Website: https://www.realtimeregister.com,,,
2dad4c72-a1af-4962-8029-d663e3fffc47,dog.eu,available,,,high,low,3,,,,
4521d53f-bac3-4ced-9bfc-b8f234b33f0d,disk.eu,resell,,,high,low,4,"Name: INTERNET CZ, a.s. Website: www.forpsi.com/",,,
5429ed81-9e89-44f1-9bd3-c83ca0e4b7d3,rheumatic.eu,available,5.49,9.99,medium,low,9,namesilo,,,06/08/2026 23:05
c41e76f0-7998-411c-bf3d-31a1a7eccb94,aggregated.eu,available,5.49,9.99,high,low,10,namesilo,,,
9938e6e8-f5d5-4cbc-9122-8996eaf0a267,abkhasian.eu,available,5.49,9.99,medium,low,9,namesilo,,,
758e55c8-f470-4546-9813-f079cbf4c0c6,adynamic.eu,available,5.49,9.99,medium,low,8,namesilo,,,
6b7f1e9e-94d2-49e0-bb22-1bcfc306ecf7,truth.eu,resell,,,high,medium,5,"Name: Spaceship, Inc. Website: https://www.spaceship.com/",,,20/09/2026 13:24
f77fd5d3-7c29-4341-9e4c-fa39fe8a34ec,uml.eu,available,,,high,low,3,,,,
f98a1e7f-80a3-412d-b16d-42b774db8e3f,grimy.eu,available,5.49,9.99,low,low,5,namesilo,,,09/08/2026 09:25
81d63995-7781-4ba7-8331-cd6612158eb8,lonely.eu,resell,,,high,low,6,Name: eu-rhea.at web invest gmbh & co KG Website: http://www.eu-rhea.at,,,
1f4e0298-05fa-4c4c-9154-2c7017b873ae,supportive.eu,premium,8317.56,,high,low,10,Name: NETIM Website: https://www.netim.com/,,,
eb66dbcc-e98b-49d1-a8f2-a9fd174afa26,discord.eu,available,,,high,medium,7,,,,
c77fa6c2-dc24-4dbb-bd08-32163c9b24e7,annoy.eu,resell,,,medium,low,5,Name: Realtime Register B.V. Website: https://www.realtimeregister.com,,,
a7365b20-6aa6-49b0-a536-2e0df5ebd48e,passionate.eu,resell,,,high,low,10,Name: Registrar.eu Website: https://www.openprovider.com,,,22/09/2026 04:10
7863454e-323c-4ec8-b3e9-677c2d1bb229,blanched.eu,available,5.49,9.99,medium,low,8,namesilo,,,07/08/2026 02:14
3d4005bb-b5b8-4807-8a88-e5c2b8699d6e,granddad.eu,available,6.19,5.99,high,low,8,namesilo,,,
f9391536-1c60-493f-a9ce-425cb926728f,controlling.eu,resell,,,high,low,11,Name: InterNetX GmbH Website: https://internetx.com,,,
cab16a9f-c0bc-4790-b2b8-efdcaf539a73,accurately.eu,available,4.99,11.99,high,low,10,name.com,,,
c2eb59ca-2941-4bd7-8f8e-825c206d4cb8,lxxxviii.eu,available,6.98,10.98,medium,low,8,namecheap,,,
e5cae03a-0017-43db-9bca-2d17717c65c6,corking.eu,available,5.49,9.99,high,low,7,namesilo,,,08/08/2026 12:20
6762e27f-0bb8-402d-8f88-d257c48aa96c,exonerated.eu,available,5.49,9.99,high,low,10,namesilo,,,
5956f235-f5df-4e8a-bc64-7835d3f1ca52,buttocks.eu,premium,2032.6,11.99,medium,low,8,"Name: Spaceship, Inc. Website: https://www.spaceship.com/",,,09/08/2026 10:25
b9701b49-9a3c-4f0e-824c-85e532ecd929,batrachian.eu,available,5.49,9.99,low,low,10,namesilo,,,05/08/2026 20:53
6b448ce3-69f1-481e-9d4a-dcf64dca7253,tercet.eu,resell,,,medium,low,6,"Name: Spaceship, Inc. Website: https://www.spaceship.com/",,,
3e95ea4c-9b72-4ad8-a74e-9181234201aa,accented.eu,available,5.49,9.99,medium,low,8,namesilo,,,
0e624f0b-29bf-4f80-9fa6-bfc955da0f3c,argentine.eu,resell,,,high,low,9,Name: Realtime Register B.V. Website: https://www.realtimeregister.com,,,
77dbc19f-9b34-499b-b179-ba85dff951a4,abradant.eu,available,5.49,9.99,medium,low,8,namesilo,,,
b6184bc1-5c8d-44b3-a083-26d75b63a731,disclosure.eu,resell,,,high,low,10,Name: Realtime Register B.V. Website: https://www.realtimeregister.com,,,
970c0538-7f81-4488-a56e-f9dfd72cc5b1,soothing.eu,resell,,,high,low,8,Name: Realtime Register B.V. Website: https://www.realtimeregister.com,,,
326c2328-b0d2-48da-a455-ff58cfca0644,nettled.eu,available,5.49,9.99,medium,low,7,namesilo,,,
aaca2d92-86b6-4428-b074-d82674e7fb4b,vincible.eu,available,5.49,9.99,low,low,8,namesilo,,,09/08/2026 05:42
a0469d2e-6f1d-4cc2-acc2-2645c256d02e,street.eu,resell,,,high,low,6,Name: web invest gmbh Website: http://www.web-invest.at,,,
fb21500e-98d3-445f-9b06-61efb6fcaa5f,nettlesome.eu,available,5.49,9.99,medium,low,10,namesilo,,,
66684335-7f4a-445e-b033-d5e310c706e4,guilt.eu,premium,1385.86,,high,low,5,Name: Realtime Register B.V. Website: https://www.realtimeregister.com,,,
bb7e0a33-1c7e-47e2-8309-fbecb91c31c8,gleaming.eu,premium,4706.95,11.99,high,low,8,Name: INFOCAL sp. z o.o. Website: https://www.cal.pl,,,
26f1e39e-aa1e-4279-88d0-3fe19a59cbd6,ascending.eu,resell,,,high,low,9,Name: Edomains LLC Website: https://www.edomains.com,,,
67a03010-0aa1-4290-8c3a-e5ee581d7932,awny.eu,available,4.99,11.99,medium,low,4,name.com,,,
e5c89b43-6384-4ddd-8f7a-016320f4e751,prickly.eu,available,5.49,9.99,medium,low,7,namesilo,,,08/08/2026 17:34
5110521c-06a9-4cef-af04-c329bf91c421,revelatory.eu,available,5.49,9.99,high,low,10,namesilo,,,06/08/2026 00:55
1fbd5928-bd0a-40cf-aea5-be03eccc16e4,argent.eu,resell,,,medium,low,6,Name: eu-selene.at web invest gmbh & co KG Website: http://www.eu-selene.at,,,
96531fc3-f869-4c9b-b508-6fa0e2ab01e5,phrases.eu,resell,,,medium,low,7,Name: Realtime Register B.V. Website: https://www.realtimeregister.com,,,
3816a359-a48c-4340-b0ea-1a6a6b8f322d,plague.eu,resell,,,high,low,6,Name: Realtime Register B.V. Website: https://www.realtimeregister.com,,,
27ceed6d-841e-4d47-8a8f-c72fe5444334,toying.eu,available,6.19,5.99,high,low,6,namesilo,,,
d96aad07-e24c-4e13-a013-a9b268658fd2,anosmic.eu,available,5.49,9.99,medium,low,7,namesilo,,,
b0072832-8e21-4b77-9bf4-76e7b17fa9e0,balletic.eu,available,5.49,9.99,medium,low,8,namesilo,,,08/08/2026 10:26
fdd31c4e-d63b-4fb8-9eee-0a7cc514cc05,nutty.eu,resell,,,medium,low,5,Name: Realtime Register B.V. Website: https://www.realtimeregister.com,,,
3cee2b83-0058-40a0-a7e0-4552fa78b4e2,maddened.eu,available,5.49,9.99,low,low,8,namesilo,,,
29e7f833-95eb-46a9-bd93-61f7cea9cfa3,trounce.eu,premium,2716.06,11.99,medium,low,7,"Name: Spaceship, Inc. Website: https://www.spaceship.com/",,,09/08/2026 05:27
649ea842-fa9f-4ff5-a4ba-5c6f6baa913b,abscessed.eu,available,5.49,9.99,low,low,9,namesilo,,,
8ce2ba8a-cb22-48a3-a98c-7c1fec391200,casket.eu,resell,,,high,low,6,Name: FraWe media GmbH Website: www.xtchosting.com,,,
dbf92d40-8b5b-46ed-8aff-3b3d1dcc00ab,afternoon.eu,resell,,,high,low,9,Name: info.at Internet GmbH Website: www.info.at,,,
c08d1c0d-4c94-4b2f-85bd-d71c74a10fa1,afterward.eu,available,5.49,9.99,medium,low,9,namesilo,,,
56893e87-676b-4dff-b3e2-00791db38714,publicly.eu,premium,3348.8,3348.8,medium,low,8,Name: INFOCAL sp. z o.o. Website: https://www.cal.pl,,,
41af9830-b35a-4736-9955-5a83ab6f4158,fourteenth.eu,available,5.49,9.99,high,low,10,namesilo,,,
4de2b8f1-de42-4f90-9376-9c1a6a2bd290,sneezing.eu,available,6.19,5.99,medium,low,8,namesilo,,,
5a5f89b7-1eac-4348-a913-add8a526e5a6,registered.eu,premium,10402.28,,high,low,10,Name: INFOCAL sp. z o.o. Website: https://www.cal.pl,,,
cf2710e4-863e-4078-9de6-d52e0cc264f7,buttonlike.eu,available,5.49,9.99,low,low,10,namesilo,,,09/08/2026 03:39
b5b2eabd-10fe-4479-9a10-18aca655d8b3,lopsided.eu,available,5.49,9.99,medium,low,8,namesilo,,,07/08/2026 03:41
22385b4c-24e4-46d2-965f-dd91afa6dd4e,unveil.eu,resell,,,high,low,6,Name: eu-nemesis.at web invest gmbh & co KG Website: http://www.eu-nemesis.at,,,
888de09e-f9af-427f-b25c-c8c370a22e75,spinous.eu,available,5.49,9.99,medium,low,7,namesilo,,,
e17a6e6b-c86e-4efa-b8c7-b2ced90c1517,baronial.eu,available,6.98,10.98,medium,low,8,namecheap,,,08/08/2026 20:11
09cae8f7-4a1e-4341-8bc3-23db12fd1895,secured.eu,resell,,,high,low,7,Name: Realtime Register B.V. Website: https://www.realtimeregister.com,,,
b9f0a3bb-2e44-4ec8-9910-6ee63fde8af8,pretty.eu,resell,,,high,low,6,Name: IONOS SE Website: https://ionos.com,,,
3347016a-1428-4a7c-aec5-d202552e5d2d,err.eu,premium,1811.1,,high,low,3,Name: Really Useful Domains Ltd Website: www.reallyusefuldomains.co.uk,,,
7e6f77dc-09e4-41d4-8cc1-1b49ff691aa3,panoplied.eu,available,5.49,9.99,medium,low,9,namesilo,,,06/08/2026 21:42
084e922d-d2ba-4504-9792-db5bdc2a8866,people.eu,resell,,,high,medium,6,"Name: Spaceship, Inc. Website: https://www.spaceship.com/",,,
5309de9d-c800-4e25-a34f-c1a6841be439,burred.eu,available,5.49,9.99,low,low,6,namesilo,,,08/08/2026 17:23
ceef2c90-c284-473d-b25f-f2b490e5b9f1,actable.eu,available,6.98,10.98,medium,low,7,namecheap,,,
16db6393-bbe3-4a20-a183-582305dbb233,asking.eu,premium,8302.16,,high,low,6,Name: NETIM Website: https://www.netim.com/,,,
ea83e715-0973-4a22-98e8-faeeac5a6bce,advertent.eu,available,5.49,9.99,medium,low,9,namesilo,,,
daa5d754-324e-4e71-9272-fa90bac2a383,antidotal.eu,available,5.49,9.99,medium,low,9,namesilo,,,
a0cf7214-1ad6-4186-bd62-aa8ba5259c44,lxx.eu,resell,,,medium,low,3,Name: Realtime Register B.V. Website: https://www.realtimeregister.com,,,
b4ac5339-9b18-471c-9f8c-30332a0f1880,recession.eu,premium,8321.11,,high,low,9,Name: Domainers Registrar AG Website: https://www.domainers.de,,,
3f340b34-7dbf-4cbc-ab90-bb66bc377508,fiercely.eu,premium,5.49,9.99,medium,low,8,namesilo,,,
b7f52544-ed3a-47e6-918a-ccd39710f41c,autumnal.eu,available,5.49,9.99,medium,low,8,namesilo,,,07/08/2026 21:23
10ddb8cb-08a7-4c11-b0c6-446c3c536095,antifungal.eu,available,6.98,10.98,medium,low,10,namecheap,,,
05d7be6a-940e-493f-8fca-445299839fa7,thirteenth.eu,available,5.49,9.99,high,low,10,namesilo,,,
f98b16a2-dd1b-4e94-944b-d5319aa14474,bated.eu,available,5.49,9.99,medium,low,5,namesilo,,,09/08/2026 00:22
1832b3cf-f00d-4a55-afff-18b9a315b78c,unfortunately.eu,available,,,medium,low,13,,,,
ccb83fb1-0901-43b8-9e29-2c998cca005f,touring.eu,resell,,,high,low,7,Name: The Registrar Company B.V. Website: https://www.theregistrarcompany.com,,,
7e9480c1-d6b8-4fe1-aedf-af510fbfb7eb,ruled.eu,premium,3464.66,,high,low,5,Name: INFOCAL sp. z o.o. Website: https://www.cal.pl,,,
ff0c9a45-9535-446c-9baf-3526ed644acf,alsatian.eu,available,5.49,9.99,medium,low,8,namesilo,,,
58dc310b-800b-4c40-8c48-27cab680fab1,apology.eu,resell,,,high,low,7,Name: eu-nemesis.at web invest gmbh & co KG Website: http://www.eu-nemesis.at,,,
1c4b64e8-2368-40b3-9fe3-3706d14bb375,published.eu,resell,,,high,low,9,Name: EuroDNS S.A. Website: https://www.eurodns.com/,,,
cc063a49-bfd0-41c4-b8f0-29701c5eb099,lecture.eu,resell,,,high,low,7,Name: eu-kore.at web invest gmbh & co KG Website: http://www.eu-kore.at,,,
aaaad0a5-96ed-4759-8b1f-05e9477041c6,ala.eu,resell,,,high,low,3,Name: EuroDNS S.A. Website: https://www.eurodns.com/,,,
988cc49c-6a6c-4f5b-9e8a-609d17928a10,aberrant.eu,available,5.49,9.99,high,low,8,namesilo,,,
3ee6923b-24dc-4a93-863e-259277d85127,avon.eu,resell,,,high,low,4,"Name: Spaceship, Inc. Website: https://www.spaceship.com/",,,
50df864e-0ca5-44d6-b237-0a18e21f6576,optic.eu,resell,,,high,low,5,Name: Greenmark IT GmbH Website: https://www.do.de,,,
3cb2c2d2-69d6-4f30-ba53-771b5a4eeb15,serve.eu,resell,,,high,low,5,Name: Greenmark IT GmbH Website: https://www.do.de,,,
3287ce31-a3a3-4c8e-805d-274d7368164d,acerbic.eu,available,5.49,9.99,medium,low,7,namesilo,,,
5b532ea0-ed22-4dcb-87ce-71cfbe4309c9,abbatial.eu,available,5.49,9.99,medium,low,8,namesilo,,,
993de3df-3918-4066-8a62-47fb4f600219,indoaryan.eu,available,5.49,9.99,medium,low,10,namesilo,,,06/08/2026 23:56
98389b7d-2ef2-4127-ad01-725643202be7,july.eu,premium,967.74,,high,low,4,Name: Really Useful Domains Ltd Website: www.reallyusefuldomains.co.uk,,,
321c2b07-cc4a-4f33-966e-890fcbf48d5f,ambiguous.eu,resell,,,high,low,9,Name: Domainers Registrar AG Website: https://www.domainers.de,,,
b817a5dc-5119-4237-9387-42dd8def9fca,avuncular.eu,available,5.49,9.99,medium,low,9,namesilo,,,07/08/2026 23:51
8cbf3e0f-4ee8-4822-8496-518909eef023,abysmal.eu,available,5.49,9.99,medium,low,7,namesilo,,,
715b7e9f-9c2e-47c3-9e53-1151987bf538,pretending.eu,available,6.19,5.99,high,low,10,namesilo,,,
a6296faa-3ff7-44b6-925d-3c84c65d9e38,actinoid.eu,available,5.49,9.99,medium,low,8,namesilo,,,
dcddd405-6a4c-454b-8ba0-107dac1b8f72,anywhere.eu,resell,,,high,low,8,"Name: GoDaddy.com, LLC Website: http://www.godaddy.com",,,
2b646369-7309-48c1-8375-ac17b3b5fd7e,currency.eu,resell,,,high,low,8,Name: TLD Registrar Solutions Ltd,,,
581473b1-b5a9-4392-9b6d-f522458c0284,admissible.eu,available,4.99,11.99,high,low,10,name.com,,,
2b87bcd8-7581-4efb-b62f-2ed8cf2a0067,consult.eu,resell,,,high,low,7,Name: Greenmark IT GmbH Website: https://www.do.de,,,
905e8e47-a5ad-4f25-b7e7-907dc9b6fc0d,ego.eu,premium,276848.45,,high,low,3,Name: Registrar.eu Website: https://www.openprovider.com,,,
375697ce-0f80-4d1f-92df-e8d4658417c1,terrifying.eu,available,4.99,11.99,medium,low,10,name.com,,,
c6618b10-f1b7-44d9-929d-0f5da0e524bf,playacting.eu,available,6.98,10.98,medium,low,10,namecheap,,,
a4ebdd9c-5543-4ac8-be6f-ec83d590a56d,grinning.eu,available,4.99,11.99,high,low,8,name.com,,,
f794a250-febf-43cd-890e-9eaf60ae97e8,aguish.eu,available,5.49,9.99,medium,low,6,namesilo,,,
4811e3a5-7334-4487-b164-3670b4f35aee,infuriated.eu,available,5.49,9.99,medium,low,10,namesilo,,,
90d98aac-c131-4d30-a64f-a7c018f923d4,frame.eu,resell,,,high,low,5,"Name: Dynadot, LLC Website: https://www.dynadot.com/domain/eu.html",,,
2ebd12da-c261-4ebc-ba78-ec3e59bd2984,autoerotic.eu,available,6.98,10.98,low,low,10,namecheap,,,07/08/2026 20:01
96f9866e-1277-4fb5-b55c-158f8c4ca2ed,slowness.eu,available,4.99,11.99,medium,low,8,name.com,,,
76ee8c12-e3ed-4480-9509-448a2397ecef,beaked.eu,available,5.49,9.99,medium,low,6,namesilo,,,09/08/2026 03:50
9ca2c9b9-639d-4e86-ab63-169d0735f038,pronounced.eu,premium,5.49,9.99,high,low,10,namesilo,,,
8e9b2e7d-d80f-41cf-8d01-0633b4242f0c,bulbous.eu,available,5.49,9.99,low,low,7,namesilo,,,09/08/2026 13:39
35c644ad-f51b-4fd8-bd2e-db76c07867fb,cxxx.eu,available,5.49,9.99,high,low,4,namesilo,,,
3d70a734-2bd5-4ffd-8da5-750144b13bf6,proficiency.eu,premium,1385.86,,high,low,11,Name: Realtime Register B.V. Website: https://www.realtimeregister.com,,,
578c8286-87c2-4584-8582-7e21db458516,boarded.eu,available,6.19,6.19,high,low,7,namesilo,,,
ec4c3af7-973f-4a52-be67-bcfa9946e3b6,annalistic.eu,available,5.49,9.99,high,low,10,namesilo,,,
db83ef8f-8f1a-4424-a54f-3dd1d61f843d,triclinic.eu,available,5.49,9.99,medium,low,9,namesilo,,,
56c64fe8-7a57-4ac8-83af-b3617b2e01a3,amharic.eu,available,5.49,9.99,medium,low,7,namesilo,,,
89d3398a-7a49-40d4-9b1c-505579a9e2e0,sadness.eu,resell,,,high,low,7,Name: Realtime Register B.V. Website: https://www.realtimeregister.com,,,
599e8138-3ac5-4eab-902a-2c2360078c90,danger.eu,resell,,,high,low,6,Name: EuroDNS S.A. Website: https://www.eurodns.com/,,,
5712c969-ab49-456f-8a2c-b493d9b013e1,closely.eu,resell,,,high,low,7,Name: Aftermarket.pl Limited Website: https://aftermarket.pl,,,
8ffb87cf-64e9-4fad-9874-c6ec92f5d51b,travelling.eu,resell,,,high,low,10,Name: The Registrar Company B.V. Website: https://www.theregistrarcompany.com,,,
d3418f69-fdf2-4d32-bc00-f85a4c02dd45,discerning.eu,premium,2726.72,11.99,high,low,10,Name: INWX GmbH Website: https://www.inwx.com/en/eu-domain,,,06/08/2026 08:23
1704098f-38b0-4acd-9402-022d047a976f,adviseable.eu,available,6.19,6.19,high,low,10,namesilo,,,
d92a0bfd-16f5-4da8-aa86-924756f60ae7,basis.eu,resell,,,high,low,5,Name: InterNetX GmbH Website: https://internetx.com,,,
50687a91-0aaf-483c-b016-035c71592f5e,algerian.eu,available,,,high,low,8,,,,
309b0336-7409-47a8-b230-ad4e859bc1e0,rheumatoid.eu,available,5.49,9.99,medium,low,10,namesilo,,,06/08/2026 23:10
8f6473fc-0d1c-49d3-b74e-339ea06ddeea,acinar.eu,available,5.49,9.99,medium,low,6,namesilo,,,
5084fe61-d58f-45c5-9b51-d8540a007653,analogous.eu,available,5.49,9.99,medium,low,9,namesilo,,,
2ddff4aa-c39d-40ee-a47f-03cfed6c5533,germicidal.eu,available,5.49,9.99,medium,low,10,namesilo,,,08/08/2026 07:07
94e2e739-1abf-41ed-ab82-3d3849658395,pledged.eu,available,4.99,11.99,high,low,7,name.com,,,
f2f88a9f-48c5-48c1-904f-5cb940b64a8e,person.eu,resell,,,high,low,6,"Name: Dynadot, LLC Website: https://www.dynadot.com/domain/eu.html",,,
83f31018-7a34-48bc-aed1-e84f286d4136,our.eu,resell,,,high,medium,3,"Name: SIA ""DOMĒNI"" Website: http://www.nc.lv",,,
0146a5ad-d3a9-45ed-b374-96b262822f14,cxv.eu,premium,1756.61,11.99,high,low,3,Name: Really Useful Domains Ltd Website: www.reallyusefuldomains.co.uk,,,
e20ee9a0-da90-4c83-b4d0-6fb7b65c9845,bacchanal.eu,available,5.49,9.99,high,low,9,namesilo,,,08/08/2026 04:14
f70f191b-eb1d-4c8e-b42e-ebf7de0fd291,agonising.eu,available,5.49,9.99,medium,low,9,namesilo,,,
496a5ce5-23d8-4079-87ab-995daf74173d,vexatious.eu,available,5.49,9.99,medium,low,9,namesilo,,,
c8f8cb48-fd37-407f-96de-87df817ba150,reticent.eu,available,4.99,11.99,medium,low,8,name.com,,,
02678c34-5651-42d0-b214-f5e06180a193,arthurian.eu,available,5.49,9.99,medium,low,9,namesilo,,,06/08/2026 23:21
7e7c94a5-195b-4d56-a0cb-0190f2125dde,beamish.eu,premium,2684.1,11.99,medium,low,7,Name: INFOCAL sp. z o.o. Website: https://www.cal.pl,,,
c64e2575-4442-4ddd-81ad-50b7a4a038ba,algonquin.eu,resell,,,high,low,9,"Name: Spaceship, Inc. Website: https://www.spaceship.com/",,,
90d22ebd-2c85-413d-bedf-59448d99212b,lxxi.eu,available,5.49,9.99,medium,low,4,namesilo,,,
f7efe78b-7051-458e-8e47-7543560dd375,nonplussed.eu,available,5.49,9.99,medium,low,10,namesilo,,,07/08/2026 10:48
e9a2f3b9-9ed8-46fa-9fb5-a6976eeac4cb,dickhead.eu,available,5.49,9.99,medium,low,8,namesilo,,,08/08/2026 23:34
56d0fc80-92d0-4884-9b01-6ac9d4245ba7,arboreous.eu,available,5.49,9.99,medium,low,9,namesilo,,,06/08/2026 12:59
7f65a1da-86c2-48aa-be0c-f360afaf8bdf,pungent.eu,available,6.98,10.98,medium,low,7,namecheap,,,
b6474d60-618b-4e6a-9c43-3fec72cd316e,bellying.eu,available,5.49,9.99,low,low,8,namesilo,,,09/08/2026 13:37
dff8e878-06f4-44e0-8e46-8bd40c109e46,tailless.eu,available,5.49,9.99,medium,low,8,namesilo,,,05/08/2026 21:33
9b399010-2610-4325-bdf6-fa22ae8c94be,auricular.eu,available,6.98,10.98,medium,low,9,namecheap,,,07/08/2026 17:46
edb92008-76ac-4468-bc98-043d6bd69fd8,aground.eu,available,5.49,9.99,medium,low,7,namesilo,,,
c8e37620-59ef-4dcb-83fe-e681dbbd7d16,bewildered.eu,available,5.49,9.99,medium,low,10,namesilo,,,07/08/2026 11:52
151c92ef-31f3-47da-a6e2-d39159101dbe,virulent.eu,available,5.49,9.99,medium,low,8,namesilo,,,
47254f30-6d09-45ab-8835-d2b36101167f,spontaneous.eu,premium,5485.42,,high,low,11,Name: INFOCAL sp. z o.o. Website: https://www.cal.pl,,,
b6eaf451-c1e3-4416-9d3e-dc1776a7b71b,terrified.eu,available,4.99,11.99,medium,low,9,name.com,,,
ecd647c3-ec09-411c-894c-08899ffa7e9f,adherent.eu,available,4.99,11.99,high,low,8,name.com,,,
94759823-20bd-49ba-bc2e-b4f6a6c1fb04,angled.eu,premium,2679.5,11.99,medium,low,6,Name: INFOCAL sp. z o.o. Website: https://www.cal.pl,,,
f6267cc6-8438-4d34-a079-8d7404c15ce4,baleful.eu,available,5.49,9.99,low,low,7,namesilo,,,08/08/2026 09:39
dc42f2ec-d149-4660-a36a-59611f1e00c3,attempted.eu,resell,4.99,11.99,medium,low,9,"Name: GoDaddy.com, LLC Website: http://www.godaddy.com",,,07/08/2026 15:12
05cc2169-abcf-47b6-8e99-57db3b9b6f95,dormant.eu,resell,,,high,low,7,Name: Realtime Register B.V. Website: https://www.realtimeregister.com,,,
88e92ddf-4dd7-4d73-82d1-f5e17dcc3c58,achromic.eu,available,5.49,9.99,medium,low,8,namesilo,,,
4a96b2bc-1490-4a27-853d-0906cc60d136,antemortem.eu,available,5.49,9.99,medium,low,10,namesilo,,,
cd6c1fa0-9856-44ef-8889-0fe4d43134d3,wakening.eu,available,4.99,11.99,high,low,8,name.com,,,
c514b1d8-e2d5-45df-ab65-b4368cdee206,addable.eu,available,5.49,9.99,medium,low,7,namesilo,,,
25aac67b-32cd-4676-bf25-f55d9b90a62e,scrubbed.eu,premium,2772.91,,high,low,8,Name: INFOCAL sp. z o.o. Website: https://www.cal.pl,,,
c5585a76-7ec4-4ad2-9c61-7112667395c9,dawn.eu,resell,,,high,low,4,"Name: Dynadot, LLC Website: https://www.dynadot.com/domain/eu.html",,,
1e232e9b-1da8-4584-819e-49d97ddd06ae,achaean.eu,available,5.49,9.99,medium,low,7,namesilo,,,
e91bc44c-a27e-46e4-abdf-614a27e253f5,baseborn.eu,available,5.49,9.99,low,low,8,namesilo,,,08/08/2026 21:34
7b01f234-0276-4cb5-842a-af17864ca389,wine.eu,resell,,,high,low,4,Name: Greenmark IT GmbH Website: https://www.do.de,,,
550cda60-ca5b-4814-b579-056c1c1c8d65,medal.eu,resell,,,high,low,5,"Name: Dynadot, LLC Website: https://www.dynadot.com/domain/eu.html",,,
4b6c9c8a-aa75-4db4-825d-f0514295b213,apocryphal.eu,available,5.49,9.99,medium,low,10,namesilo,,,06/08/2026 01:11
85d12c15-2858-46ac-8682-72d01fd33e19,lxxv.eu,available,6.98,10.98,medium,low,4,namecheap,,,
f76bf968-60f4-4f88-acf4-c154f74a8458,tower.eu,resell,,,high,low,5,Name: InterNetX GmbH Website: https://internetx.com,,,
7a8f6d18-f180-45b3-88a0-6097c6d3353d,kilobyte.eu,resell,,,high,low,8,Name: info.at Internet GmbH Website: www.info.at,,,
55aef0d4-6e03-45cc-890f-8e739d487b4c,grievous.eu,available,5.49,9.99,medium,low,8,namesilo,,,07/08/2026 14:41
3ccaf58e-0b1d-4120-ad4d-41ff8aaac430,bawdy.eu,available,4.99,11.99,medium,low,5,name.com,,,
5c7344f7-b86f-4bb9-9811-c6155863c532,retardant.eu,available,6.19,5.99,medium,low,9,namesilo,,,
d5c7dfc7-6f48-4033-a3d7-3333213104de,respectively.eu,available,6.19,5.99,medium,low,12,namesilo,,,
12dfa8b7-1445-4e08-a37c-b343b87c24ea,fla.eu,resell,,,high,low,3,Name: EuroDNS S.A. Website: https://www.eurodns.com/,,,
683f07e5-dfc7-4771-b161-8e3294fe569f,steamed.eu,premium,2679.5,11.99,medium,low,7,Name: NETIM Website: https://www.netim.com/,,,
96b1dd68-89e1-4acd-acbd-751b6363cff6,autogenic.eu,available,5.49,9.99,medium,low,9,namesilo,,,07/08/2026 20:21
0765a324-a891-4587-9a56-80a1c82da7cc,googler.eu,resell,,,high,low,7,Name: Maxer Host Limited Website: https://www.maxer.com,,,
fc390799-0af2-436f-b33b-c3b43d32cb30,eolotropic.eu,available,5.49,9.99,medium,low,10,namesilo,,,
a8160dc8-95e1-4062-b928-60f4e399bbf1,pitted.eu,available,5.49,9.99,medium,low,6,namesilo,,,
c42a00b6-1572-4dae-a191-26e0704fa14a,sunhat.eu,premium,3397.15,,high,low,6,Name: INFOCAL sp. z o.o. Website: https://www.cal.pl,,,
209fdd15-3040-439a-82a1-1cdea3930bfa,adipose.eu,available,5.49,9.99,medium,low,7,namesilo,,,
00d6e8d6-0da9-4baa-ba0a-936e6f5ef3f0,timeworn.eu,available,5.49,9.99,low,low,8,namesilo,,,08/08/2026 11:14
0b3a4185-8f4a-4d75-ae03-6bc48727c0cf,roiled.eu,available,5.49,9.99,medium,low,6,namesilo,,,
e850da45-a9b4-4c25-bff4-1a3d908c5024,broached.eu,available,5.49,9.99,medium,low,8,namesilo,,,
0c0aded8-cdc7-494b-bd2d-261093770d79,gulf.eu,resell,,,high,low,4,Name: eu-hera.at web invest gmbh & co KG Website: http://www.eu-hera.at,,,
ad7f3d78-a195-413b-ae4d-4ef352de17a5,grasping.eu,available,5.49,9.99,medium,low,8,namesilo,,,07/08/2026 22:04
d61f7c1a-5f0c-42b5-aa0c-bcdd436aa3e7,xxvii.eu,resell,,,medium,low,5,"Name: Spaceship, Inc. Website: https://www.spaceship.com/",,,
da824e8d-ad72-41f5-bbc2-ae340c3da50e,alcohol.eu,resell,,,high,low,7,Name: RegistryGate GmbH Website: http://www.registrygate.com,,,
3b590efd-c9ab-4ac0-8a59-681ff2a4be62,apparel.eu,resell,,,high,low,7,Name: RegistryGate GmbH Website: http://www.registrygate.com,,,
770eb552-ff7f-4e56-8ad0-5ee658c06dc9,politely.eu,available,4.99,11.99,high,low,8,name.com,,,
258abdcd-c924-46a0-ac6e-182ec28cfdb0,political.eu,resell,,,high,low,9,Name: eu-tyche.at web invest gmbh & co KG Website: http://www.eu-tyche.at,,,
cd7c1bed-94fd-40f8-b449-f8d4dff5ef77,conquest.eu,resell,,,high,low,8,Name: InterNetX GmbH Website: https://internetx.com,,,
c9b5f1b8-29f3-4795-b258-52eb7b1671f3,repeated.eu,premium,2769.36,,high,low,8,Name: Realtime Register B.V. Website: https://www.realtimeregister.com,,,
eeec5c3a-cf9b-479a-b872-6dc31b08b9f9,acicular.eu,available,5.49,9.99,medium,low,8,namesilo,,,
7d6e619c-efc3-420c-8953-b5a9e26817a8,patrician.eu,available,5.49,9.99,medium,low,9,namesilo,,,06/08/2026 19:34
d26e608d-653f-49db-94b1-73b9770376c1,annulate.eu,available,5.49,9.99,high,low,8,namesilo,,,
d0deed70-dc37-4178-98ea-9f10909096bd,sixteenth.eu,available,5.49,9.99,high,low,9,namesilo,,,
123e51a8-8e99-4a16-bcc3-2b99c5884246,anhydrous.eu,available,5.49,9.99,medium,low,9,namesilo,,,
74925bf1-4046-44cd-958f-636b92ef571e,parliamentary.eu,premium,1370.47,,high,low,13,Name: Realtime Register B.V. Website: https://www.realtimeregister.com,,,
37a5f7e1-5b30-43e0-b0f2-a16743490ad4,antitoxic.eu,available,5.49,9.99,medium,low,9,namesilo,,,05/08/2026 19:55
72717194-4437-4c48-9c43-8dd7caf8ed2f,squinty.eu,available,5.49,9.99,medium,low,7,namesilo,,,07/08/2026 03:20
4213686b-f753-40a4-a7b2-a6c12edc3eef,unbearable.eu,available,4.99,11.99,medium,low,10,name.com,,,
3311eba0-83fd-41e6-a4b8-cff134a5fc81,stillborn.eu,available,5.49,9.99,medium,low,9,namesilo,,,
15256b1c-fd32-4200-9286-4c4ac95bcef3,apiarian.eu,available,5.49,9.99,medium,low,8,namesilo,,,05/08/2026 23:53
f215b8fb-dc92-4a81-92dc-27f4805792d9,hall.eu,resell,,,high,low,4,Name: TLD Registrar Solutions Ltd,,,
1eec49fc-d2d8-46c4-b81f-980c15e64d0b,pitfall.eu,available,6.19,5.99,medium,low,7,namesilo,,,
3c1edcb2-0592-4a35-9e23-1858467ab783,mono.eu,resell,,,high,low,4,Name: TransIP Group BV Website: http://transip.nl,,,
b4e81118-290f-421f-86dd-4306d85c6e0a,awheel.eu,available,5.49,9.99,low,low,6,namesilo,,,08/08/2026 01:05
03ff45ee-bfcd-4fa3-9e29-920ce09d3a37,activating.eu,available,5.49,9.99,high,low,10,namesilo,,,
4eca8a22-bbc7-43b0-93b3-0049e7c45371,affixal.eu,available,5.49,9.99,medium,low,7,namesilo,,,
fc9ba3a6-eba9-4761-a91b-bc02d148ecad,phantasmal.eu,available,5.49,9.99,medium,low,10,namesilo,,,06/08/2026 05:33
de15a12f-8605-4988-a67e-95f530b7599d,lxxxii.eu,available,5.49,9.99,medium,low,6,namesilo,,,
2daf0449-51be-4fd0-a0d5-54192b98db09,restructuring.eu,resell,,,high,low,13,Name: Realtime Register B.V. Website: https://www.realtimeregister.com,,,
786a6b12-b347-4109-9707-ecfc4a48319c,accusive.eu,available,5.49,9.99,low,low,8,namesilo,,,
474762fd-2f33-46c2-a2ca-3591915890bf,lowering.eu,available,4.99,11.99,high,low,8,name.com,,,
ddca15c5-857a-4604-8826-9077324fb789,keister.eu,available,5.49,9.99,low,low,7,namesilo,,,09/08/2026 11:08
54b37b8c-7cf4-453f-b1a9-c267a7968ab2,rescue.eu,resell,,,high,low,6,Name: 1API GmbH Website: https://www.1api.net,,,
e0218958-8333-4643-9257-9478be458f49,ascensive.eu,available,5.49,9.99,medium,low,9,namesilo,,,07/08/2026 00:46
9e8915d2-ea2f-4a5e-81eb-3deaaa5e5791,chesty.eu,premium,2036.16,11.99,medium,low,6,"Name: Spaceship, Inc. Website: https://www.spaceship.com/",,,06/08/2026 22:08
72f5995e-0a16-458f-a138-c24ad178d381,allergenic.eu,available,5.49,9.99,medium,low,10,namesilo,,,
bb233f6b-130a-453c-98f6-1159a9cc7407,diverting.eu,available,5.49,9.99,medium,low,9,namesilo,,,
84011b3f-69b2-4bd0-a679-51ce80c517e7,linked.eu,premium,20805.74,,high,low,6,Name: NETIM Website: https://www.netim.com/,,,
66edea25-f078-415a-8ae0-e67e90256957,lick.eu,resell,,,high,low,4,Name: info.at Internet GmbH Website: www.info.at,,,
b9a0e20a-98d6-42c0-bae5-be956ce820a6,captivated.eu,premium,2684.1,11.99,medium,low,10,Name: NETIM Website: https://www.netim.com/,,,
272b3d7a-0ffb-4549-ad50-39852f5e4e80,awhile.eu,available,4.99,11.99,medium,low,6,name.com,,,
77ee8f5d-b314-44e1-a9bf-d35231d09201,foul.eu,resell,,,high,low,4,Name: Realtime Register B.V. Website: https://www.realtimeregister.com,,,
dc10c4f5-dde0-4736-b002-c47fbb8236cf,trial.eu,resell,,,high,low,5,Name: eu-kybele.at web invest gmbh & co KG Website: http://www.eu-kybele.at,,,
ebb56588-1b53-406d-a81a-1f4fae12dede,tow.eu,resell,,,high,low,3,Name: eu-persephone.at web invest gmbh & co KG Website: http://www.eu-persephone.at,,,
a143be0b-115c-4c90-a402-991075bc0683,acceptive.eu,available,5.49,9.99,high,low,9,namesilo,,,
4176f8ed-d3ef-4784-9c67-647bb0c2bc41,shelter.eu,resell,,,high,low,7,Name: EuroDNS S.A. Website: https://www.eurodns.com/,,,
5fe33642-dafb-4668-921a-c6a779915d22,idolized.eu,available,5.49,9.99,medium,low,8,namesilo,,,
b83cf5e3-9d7d-4e4c-ba1a-233918af2214,clx.eu,premium,1758.98,11.99,medium,low,3,Name: Really Useful Domains Ltd Website: www.reallyusefuldomains.co.uk,,,
332f2207-f8aa-427d-939e-5aefa46e26b5,vacation.eu,resell,,,high,low,8,"Name: Spaceship, Inc. Website: https://www.spaceship.com/",,,
23e8ee91-36b4-4dbb-823c-d64a6d599113,beach.eu,resell,,,high,low,5,Name: Ascio Technologies Inc. Website: https://www.ascio.com,,,
30a8cba6-b066-4b94-8af5-e01928961ee1,aslant.eu,available,5.49,9.99,low,low,6,namesilo,,,07/08/2026 03:56
f62247a0-d834-47b0-b4aa-8051df25ce29,tuesday.eu,resell,,,high,low,7,Name: Registrar.eu Website: https://www.openprovider.com,,,
9b5c41ea-ccfe-4e04-973e-54ff30b4d223,bahreini.eu,available,5.49,9.99,medium,low,8,namesilo,,,08/08/2026 08:41
d254dd2b-8e7f-45c4-a935-21855c5136c1,continually.eu,available,5.49,9.99,medium,low,11,namesilo,,,
2a5891fc-abad-412e-830a-ff07f2d8c4bc,wastebasket.eu,available,6.19,6.19,high,low,11,namesilo,,,
ce892033-6bcd-4587-8803-91b5a56453ef,cleverly.eu,premium,6900.9,,high,low,8,Name: NETIM Website: https://www.netim.com/,,,
3b993531-14d2-4646-9764-f5f9c1d78b31,belittling.eu,available,5.49,9.99,medium,low,10,namesilo,,,09/08/2026 13:10
abaffbf0-24d0-4b40-aa5d-2d11240cc8bb,insolvent.eu,resell,,,medium,low,9,Name: Web3 Domains UG (haftungsbeschränkt) Website: http://info@web-3.de,,,
49389566-8b87-4bf0-be8b-7a84694fb04c,candidacy.eu,available,6.19,5.99,high,low,9,namesilo,,,
bd4d8088-7a81-476a-bb1e-1e26494f226d,intriguing.eu,resell,6.19,5.99,high,low,10,Name: Realtime Register B.V. Website: https://www.realtimeregister.com,,,
28d2b012-750a-4824-9f38-7b15489ed9b4,dismayed.eu,available,5.49,9.99,medium,low,8,namesilo,,,
f80ddb92-71ea-4469-8732-83bf80bc112c,bloodless.eu,available,5.49,9.99,medium,low,9,namesilo,,,07/08/2026 02:19
c2159e48-2405-408a-b508-44856e671859,pretzel.eu,resell,,,high,low,7,Name: Realtime Register B.V. Website: https://www.realtimeregister.com,,,
7cd6530c-e3aa-4dcc-bca3-86a4f559ebcd,wrong.eu,resell,,,high,low,5,Name: EuroDNS S.A. Website: https://www.eurodns.com/,,,17/09/2026 22:15
1aa1a5c6-0e01-49f7-a12c-a5b495740dd8,pinging.eu,resell,,,medium,low,7,Name: Realtime Register B.V. Website: https://www.realtimeregister.com,,,
2703e524-63ca-4afe-949f-9a0ec60c4adc,lxxxiv.eu,available,5.49,9.99,medium,low,6,namesilo,,,
1f9c3379-7f48-4a70-a40b-5509bc021739,albitic.eu,available,5.49,9.99,medium,low,7,namesilo,,,
400fe31a-e2f6-4d3d-b5d7-46348820d659,xcv.eu,premium,1757.8,11.99,medium,low,3,Name: Really Useful Domains Ltd Website: www.reallyusefuldomains.co.uk,,,
02acd790-11e8-436a-87a8-40432c56cdba,scurrilous.eu,available,5.49,9.99,medium,low,10,namesilo,,,
6609306f-4a55-4bb9-9fa9-129489024bc0,cheerfully.eu,available,4.99,11.99,high,low,10,name.com,,,
94c41857-494d-4cdb-8179-fcc748a04595,lazuline.eu,available,5.49,9.99,medium,low,8,namesilo,,,08/08/2026 03:18
10135f3c-635d-46df-8f45-279a688a0a22,marijuana.eu,resell,,,high,low,9,Name: eu-hekate.at web invest gmbh & co KG Website: http://www.eu-hekate.at,,,
3363b586-02c0-4867-b16c-3e619c9bd00c,bottom.eu,resell,,,high,low,6,Name: EuroDNS S.A. Website: https://www.eurodns.com/,,,09/08/2026 11:50
f371df36-a993-4677-bc09-56af9d61921b,ariled.eu,available,6.98,10.98,low,low,6,namecheap,,,06/08/2026 19:09
8f2cd85c-d325-4b08-a2e7-bd10e563d5fe,bread.eu,resell,,,high,low,5,"Name: Spaceship, Inc. Website: https://www.spaceship.com/",,,04/09/2026 02:57
1e363c11-6eab-44cc-b9dd-807e29dae2b5,cerulean.eu,resell,,,high,low,8,Name: NETIM Website: https://www.netim.com/,,,08/08/2026 03:10
02d8e066-f0c2-4e75-9b61-11f5a2f4c201,autogenous.eu,available,6.98,10.98,medium,low,10,namecheap,,,07/08/2026 20:16
8db7cabe-13ba-4b63-927c-666f70b217c0,satisfactory.eu,resell,,,high,low,12,Name: INFOCAL sp. z o.o. Website: https://www.cal.pl,,,
95560e8c-d539-4764-9da6-25f9958c97ca,measure.eu,resell,,,high,low,7,Name: Registrar.eu Website: https://www.openprovider.com,,,
5e739a57-5ab6-4112-8fbc-8e900e3ece2d,waiting.eu,premium,8160.02,,high,low,7,Name: INFOCAL sp. z o.o. Website: https://www.cal.pl,,,
dcbf475b-45ff-4523-aa4c-b9224bd65384,disparity.eu,available,6.19,5.99,medium,low,9,namesilo,,,
76b99b88-d5f5-43b8-b57f-f7ba4e8b9035,implying.eu,available,6.19,6.19,high,low,8,namesilo,,,
a0b8eeec-40c4-4263-a526-f9e6cd9cbddf,apian.eu,available,5.49,9.99,medium,low,5,namesilo,,,05/08/2026 23:47
27e7f7e6-f1f1-4fcc-9648-9d52281025bc,speculation.eu,resell,,,medium,low,11,Name: Realtime Register B.V. Website: https://www.realtimeregister.com,,,
7e366f2e-1b11-4076-a784-de8ae5f17312,unwell.eu,resell,,,medium,low,6,"Name: Spaceship, Inc. Website: https://www.spaceship.com/",,,
87bf19c2-cf64-45ad-877e-3b866b38a31a,her.eu,resell,,,high,low,3,Name: Realtime Register B.V. Website: https://www.realtimeregister.com,,,
9ea94911-5977-4f89-92bc-3f3f5077c382,distract.eu,resell,,,high,low,8,Name: INWX España Website: https://www.inwx.es/es,,,
2b95cfcf-9eb5-4b41-834a-9d61ab4ad68f,aboulic.eu,available,5.49,9.99,low,low,7,namesilo,,,
f70d5b8e-c827-4252-b95e-34b1a3f8a611,nectarous.eu,available,5.49,9.99,medium,low,9,namesilo,,,
394c15e0-1271-4edc-90d2-e99811eac586,attract.eu,resell,,,high,low,7,Name: TLD Registrar Solutions Ltd,,,
8420bbd4-5987-48c5-a4a5-57e15c17d24e,punishing.eu,available,5.49,9.99,high,low,9,namesilo,,,06/08/2026 17:10
b36a9b19-2ba3-4170-ba7f-ddbe7b6e32e0,boozer.eu,resell,,,medium,low,6,Name: Domain Science Ltd Website: http://namerider.com,,,
c39bf19d-cd19-484c-bf2a-d0c43371d3c0,anorexic.eu,available,5.49,9.99,medium,low,8,namesilo,,,
23f05691-b96f-4b8b-b6c6-6208db175ffb,voting.eu,resell,,,high,low,6,"Name: Spaceship, Inc. Website: https://www.spaceship.com/",,,
92358d6a-eb91-4b8c-959d-7022166d838c,own.eu,resell,,,high,high,3,Name: Internet Service Europe BV Website: www.i-s-e.nl,,,17/09/2026 21:58
1a76a4ab-a568-4a9f-ab4e-262f9a393b06,division.eu,premium,5361.05,,high,low,8,name.com,,,
a8aea5eb-9555-43f7-a21f-46fcb6ff7c39,wrongful.eu,available,4.99,11.99,medium,low,8,name.com,,,
e3b6590c-800b-48e8-8b1a-4b9ab9ce6541,treelike.eu,available,5.49,9.99,medium,low,8,namesilo,,,06/08/2026 14:01
5bf0bd93-fee3-4cb4-8a8d-2669735dbb4e,thirtieth.eu,available,5.49,9.99,medium,low,9,namesilo,,,
cc64e734-2c08-4335-ba14-206c3a9d3609,dishonesty.eu,premium,5.49,9.99,medium,low,10,namesilo,,,
e0e4bac2-6dff-4dbf-b619-915d8a85e1b0,limitation.eu,available,6.19,5.99,medium,low,10,namesilo,,,
af6cf5fd-f6b7-4765-8969-e979a7035aec,repugnant.eu,available,5.49,9.99,medium,low,9,namesilo,,,
f5723657-bd2d-443c-9771-fec210a3b03a,adsorbent.eu,available,5.49,9.99,medium,low,9,namesilo,,,
87aa12d3-0762-4619-981b-1df9f80a63a0,into.eu,resell,,,high,low,4,Name: TLD Registrar Solutions Ltd,,,
3d421b68-693b-4f84-99a1-2adde949dbd4,negotiate.eu,resell,1368.1,,high,low,9,Name: Realtime Register B.V. Website: https://www.realtimeregister.com,,,
7b3a81e9-403d-4ad4-9aa0-80f906fea702,appellate.eu,available,5.49,9.99,medium,low,9,namesilo,,,06/08/2026 06:18
a5053040-a3d5-4ffb-8a56-ad4da2cd9296,spry.eu,resell,,,high,low,4,Name: Realtime Register B.V. Website: https://www.realtimeregister.com,,,
e0c7729e-32ab-4bbc-9351-a128fc7d4022,soppy.eu,available,5.49,9.99,low,low,5,namesilo,,,09/08/2026 01:14
540e4b14-cf55-424e-8cca-05bf2c6e71b7,abroach.eu,available,5.49,9.99,high,low,7,namesilo,,,
d523dff4-c337-4c28-bb9d-162c3cc8b012,antipodean.eu,available,5.49,9.99,medium,low,10,namesilo,,,
467be9c4-bca8-4678-b9e6-198399ad1493,recumbent.eu,available,5.49,9.99,medium,low,9,namesilo,,,
9460cbfb-d218-45f5-abf7-fc71590c68d0,underestimate.eu,available,5.49,9.99,medium,low,13,namesilo,,,
bc612c61-69c7-4bfc-ba36-b3b9a9c6b2fd,clxv.eu,available,5.49,9.99,medium,low,4,namesilo,,,
8caeb383-d764-4594-95be-cf6e7fc1a917,baseless.eu,available,4.99,11.99,medium,low,8,name.com,,,
c01f6150-f38b-470d-b431-bf6e5f8aef1c,preserved.eu,premium,1363.36,,high,low,9,Name: Realtime Register B.V. Website: https://www.realtimeregister.com,,,
0f7d4469-21c3-4cfe-ac38-54cea1d51804,aroused.eu,premium,2013.65,11.99,high,low,7,"Name: Spaceship, Inc. Website: https://www.spaceship.com/",,,
9bfb2f08-f111-4bc1-8fa2-96214a04dad5,definitively.eu,available,6.19,6.19,medium,low,12,namesilo,,,
bab8cb71-5f72-45a3-b601-5a3eb0f0258d,widowed.eu,available,4.99,11.99,medium,low,7,name.com,,,
a5844df9-86a6-48d5-885a-635f44335076,anile.eu,available,5.49,9.99,medium,low,5,namesilo,,,
861b6911-87d7-4230-8779-efa271de8047,analogy.eu,premium,1384.68,,high,low,7,Name: Realtime Register B.V. Website: https://www.realtimeregister.com,,,
dd447d7c-6622-4d7c-84b7-259e842f9b6d,cow.eu,resell,,,high,low,3,Name: TLD Registrar Solutions Ltd,,,
3bfcbec5-3b7e-4cd5-8bd3-11f275e97f82,grey.eu,resell,,,high,low,4,"Name: Dynadot, LLC Website: https://www.dynadot.com/domain/eu.html",,,08/09/2026 07:08